Site Ref,Collected Date,Variable Name,Value,Quality
61700072,7/03/2011,Water Temp situ(øC) MAX,21.06,10
61700072,8/03/2011,Water Temp situ(øC) MAX,21.08,10
61700072,9/03/2011,Water Temp situ(øC) MAX,21.08,10
61700072,10/03/2011,Water Temp situ(øC) MAX,21.09,10
61700072,11/03/2011,Water Temp situ(øC) MAX,21.11,10
61700072,12/03/2011,Water Temp situ(øC) MAX,21.23,10
61700072,13/03/2011,Water Temp situ(øC) MAX,21.22,10
61700072,14/03/2011,Water Temp situ(øC) MAX,21.22,10
61700072,15/03/2011,Water Temp situ(øC) MAX,21.29,10
61700072,16/03/2011,Water Temp situ(øC) MAX,21.3,10
61700072,17/03/2011,Water Temp situ(øC) MAX,21.3,10
61700072,18/03/2011,Water Temp situ(øC) MAX,21.3,10
61700072,19/03/2011,Water Temp situ(øC) MAX,21.27,10
61700072,20/03/2011,Water Temp situ(øC) MAX,21.28,10
61700072,21/03/2011,Water Temp situ(øC) MAX,21.3,10
61700072,22/03/2011,Water Temp situ(øC) MAX,21.32,10
61700072,23/03/2011,Water Temp situ(øC) MAX,21.38,10
61700072,24/03/2011,Water Temp situ(øC) MAX,21.36,10
61700072,25/03/2011,Water Temp situ(øC) MAX,21.38,10
61700072,26/03/2011,Water Temp situ(øC) MAX,21.4,10
61700072,27/03/2011,Water Temp situ(øC) MAX,21.4,10
61700072,28/03/2011,Water Temp situ(øC) MAX,21.39,10
61700072,29/03/2011,Water Temp situ(øC) MAX,21.44,10
61700072,30/03/2011,Water Temp situ(øC) MAX,21.41,10
61700072,31/03/2011,Water Temp situ(øC) MAX,21.44,10
61700072,1/04/2011,Water Temp situ(øC) MAX,21.44,10
61700072,2/04/2011,Water Temp situ(øC) MAX,21.43,10
61700072,3/04/2011,Water Temp situ(øC) MAX,21.44,10
61700072,4/04/2011,Water Temp situ(øC) MAX,21.6,10
61700072,5/04/2011,Water Temp situ(øC) MAX,21.69,10
61700072,6/04/2011,Water Temp situ(øC) MAX,21.66,10
61700072,7/04/2011,Water Temp situ(øC) MAX,21.73,10
61700072,8/04/2011,Water Temp situ(øC) MAX,21.77,10
61700072,9/04/2011,Water Temp situ(øC) MAX,21.68,10
61700072,10/04/2011,Water Temp situ(øC) MAX,21.63,10
61700072,11/04/2011,Water Temp situ(øC) MAX,21.65,10
61700072,12/04/2011,Water Temp situ(øC) MAX,21.68,10
61700072,13/04/2011,Water Temp situ(øC) MAX,21.69,10
61700072,14/04/2011,Water Temp situ(øC) MAX,21.7,10
61700072,2/05/2011,Water Temp situ(øC) MAX,21.82,10
61700072,3/05/2011,Water Temp situ(øC) MAX,21.83,10
61700072,4/05/2011,Water Temp situ(øC) MAX,21.85,10
61700072,5/05/2011,Water Temp situ(øC) MAX,21.88,10
61700072,6/05/2011,Water Temp situ(øC) MAX,21.94,10
61700072,7/05/2011,Water Temp situ(øC) MAX,21.87,10
61700072,8/05/2011,Water Temp situ(øC) MAX,21.85,10
61700072,9/05/2011,Water Temp situ(øC) MAX,21.87,10
61700072,10/05/2011,Water Temp situ(øC) MAX,21.86,10
61700072,11/05/2011,Water Temp situ(øC) MAX,21.86,10
61700072,12/05/2011,Water Temp situ(øC) MAX,21.86,10
61700072,13/05/2011,Water Temp situ(øC) MAX,21.82,10
61700072,14/05/2011,Water Temp situ(øC) MAX,21.86,10
61700072,15/05/2011,Water Temp situ(øC) MAX,21.9,10
61700072,16/05/2011,Water Temp situ(øC) MAX,21.91,10
61700072,17/05/2011,Water Temp situ(øC) MAX,21.97,10
61700072,6/07/2011,Water Temp situ(øC) MAX,21.72,10
61700072,7/07/2011,Water Temp situ(øC) MAX,21.72,10
61700072,8/07/2011,Water Temp situ(øC) MAX,21.71,10
61700072,9/07/2011,Water Temp situ(øC) MAX,21.7,10
61700072,10/07/2011,Water Temp situ(øC) MAX,21.68,10
61700072,11/07/2011,Water Temp situ(øC) MAX,21.67,10
61700072,12/07/2011,Water Temp situ(øC) MAX,21.66,10
61700072,13/07/2011,Water Temp situ(øC) MAX,21.65,10
61700072,14/07/2011,Water Temp situ(øC) MAX,21.64,10
61700072,15/07/2011,Water Temp situ(øC) MAX,21.63,10
61700072,16/07/2011,Water Temp situ(øC) MAX,21.61,10
61700072,17/07/2011,Water Temp situ(øC) MAX,21.6,10
61700072,18/07/2011,Water Temp situ(øC) MAX,21.59,10
61700072,19/07/2011,Water Temp situ(øC) MAX,21.58,10
61700072,20/07/2011,Water Temp situ(øC) MAX,21.57,10
61700072,15/04/2011,Water Temp situ(øC) MAX,21.68,10
61700072,16/04/2011,Water Temp situ(øC) MAX,21.63,10
61700072,17/04/2011,Water Temp situ(øC) MAX,21.73,10
61700072,18/04/2011,Water Temp situ(øC) MAX,21.8,10
61700072,19/04/2011,Water Temp situ(øC) MAX,21.83,10
61700072,20/04/2011,Water Temp situ(øC) MAX,21.85,10
61700072,21/04/2011,Water Temp situ(øC) MAX,21.79,10
61700072,22/04/2011,Water Temp situ(øC) MAX,21.73,10
61700072,23/04/2011,Water Temp situ(øC) MAX,21.73,10
61700072,24/04/2011,Water Temp situ(øC) MAX,21.74,10
61700072,25/04/2011,Water Temp situ(øC) MAX,21.74,10
61700072,26/04/2011,Water Temp situ(øC) MAX,21.72,10
61700072,27/04/2011,Water Temp situ(øC) MAX,21.71,10
61700072,28/04/2011,Water Temp situ(øC) MAX,21.74,10
61700072,29/04/2011,Water Temp situ(øC) MAX,21.74,10
61700072,30/04/2011,Water Temp situ(øC) MAX,21.77,10
61700072,1/05/2011,Water Temp situ(øC) MAX,21.81,10
61700072,23/06/2011,Water Temp situ(øC) MAX,21.84,10
61700072,24/06/2011,Water Temp situ(øC) MAX,21.82,10
61700072,25/06/2011,Water Temp situ(øC) MAX,21.85,10
61700072,26/06/2011,Water Temp situ(øC) MAX,21.84,10
61700072,27/06/2011,Water Temp situ(øC) MAX,21.82,10
61700072,28/06/2011,Water Temp situ(øC) MAX,21.82,10
61700072,29/06/2011,Water Temp situ(øC) MAX,21.81,10
61700072,30/06/2011,Water Temp situ(øC) MAX,21.79,10
61700072,1/07/2011,Water Temp situ(øC) MAX,21.79,10
61700072,2/07/2011,Water Temp situ(øC) MAX,21.77,10
61700072,3/07/2011,Water Temp situ(øC) MAX,21.75,10
61700072,4/07/2011,Water Temp situ(øC) MAX,21.75,10
61700072,5/07/2011,Water Temp situ(øC) MAX,21.73,10
61700072,5/08/2011,Water Temp situ(øC) MAX,21.28,10
61700072,6/08/2011,Water Temp situ(øC) MAX,21.29,10
61700072,7/08/2011,Water Temp situ(øC) MAX,21.3,10
61700072,8/08/2011,Water Temp situ(øC) MAX,21.28,10
61700072,9/08/2011,Water Temp situ(øC) MAX,21.26,10
61700072,10/08/2011,Water Temp situ(øC) MAX,21.24,10
61700072,11/08/2011,Water Temp situ(øC) MAX,21.23,10
61700072,3/06/2011,Water Temp situ(øC) MAX,22.01,10
61700072,4/06/2011,Water Temp situ(øC) MAX,21.99,10
61700072,5/06/2011,Water Temp situ(øC) MAX,21.99,10
61700072,6/06/2011,Water Temp situ(øC) MAX,21.98,10
61700072,7/06/2011,Water Temp situ(øC) MAX,21.95,10
61700072,8/06/2011,Water Temp situ(øC) MAX,21.92,10
61700072,9/06/2011,Water Temp situ(øC) MAX,21.89,10
61700072,10/06/2011,Water Temp situ(øC) MAX,21.97,10
61700072,11/06/2011,Water Temp situ(øC) MAX,21.91,10
61700072,12/06/2011,Water Temp situ(øC) MAX,21.93,10
61700072,13/06/2011,Water Temp situ(øC) MAX,21.93,10
61700072,14/06/2011,Water Temp situ(øC) MAX,21.96,10
61700072,15/06/2011,Water Temp situ(øC) MAX,21.95,10
61700072,16/06/2011,Water Temp situ(øC) MAX,21.95,10
61700072,17/06/2011,Water Temp situ(øC) MAX,21.93,10
61700072,18/06/2011,Water Temp situ(øC) MAX,21.92,10
61700072,19/06/2011,Water Temp situ(øC) MAX,21.9,10
61700072,20/06/2011,Water Temp situ(øC) MAX,21.89,10
61700072,21/06/2011,Water Temp situ(øC) MAX,21.87,10
61700072,22/06/2011,Water Temp situ(øC) MAX,21.85,10
61700072,27/09/2011,Water Temp situ(øC) MAX,20.63,10
61700072,28/09/2011,Water Temp situ(øC) MAX,20.63,10
61700072,29/09/2011,Water Temp situ(øC) MAX,20.65,10
61700072,30/09/2011,Water Temp situ(øC) MAX,20.66,10
61700072,1/10/2011,Water Temp situ(øC) MAX,20.65,10
61700072,2/10/2011,Water Temp situ(øC) MAX,20.65,10
61700072,3/10/2011,Water Temp situ(øC) MAX,20.64,10
61700072,4/10/2011,Water Temp situ(øC) MAX,20.58,10
61700072,5/10/2011,Water Temp situ(øC) MAX,20.57,10
61700072,6/10/2011,Water Temp situ(øC) MAX,20.57,10
61700072,7/10/2011,Water Temp situ(øC) MAX,20.55,10
61700072,8/10/2011,Water Temp situ(øC) MAX,20.56,10
61700072,9/10/2011,Water Temp situ(øC) MAX,20.55,10
61700072,10/10/2011,Water Temp situ(øC) MAX,20.58,10
61700072,11/10/2011,Water Temp situ(øC) MAX,20.58,10
61700072,12/10/2011,Water Temp situ(øC) MAX,20.59,10
61700072,13/10/2011,Water Temp situ(øC) MAX,20.57,10
61700072,14/10/2011,Water Temp situ(øC) MAX,20.55,10
61700072,15/10/2011,Water Temp situ(øC) MAX,20.56,10
61700072,16/10/2011,Water Temp situ(øC) MAX,20.56,10
61700072,17/10/2011,Water Temp situ(øC) MAX,20.55,10
61700072,18/10/2011,Water Temp situ(øC) MAX,20.55,10
61700072,19/10/2011,Water Temp situ(øC) MAX,20.53,10
61700072,20/10/2011,Water Temp situ(øC) MAX,20.51,10
61700072,21/10/2011,Water Temp situ(øC) MAX,20.5,10
61700072,22/10/2011,Water Temp situ(øC) MAX,20.51,10
61700072,23/10/2011,Water Temp situ(øC) MAX,20.53,10
61700072,24/10/2011,Water Temp situ(øC) MAX,20.55,10
61700072,25/10/2011,Water Temp situ(øC) MAX,20.57,10
61700072,26/10/2011,Water Temp situ(øC) MAX,20.59,10
61700072,27/10/2011,Water Temp situ(øC) MAX,20.57,10
61700072,8/04/2011,Water Temp situ(øC) MEAN,21.59,10
61700072,9/04/2011,Water Temp situ(øC) MEAN,21.54,10
61700072,10/04/2011,Water Temp situ(øC) MEAN,21.499,10
61700072,11/04/2011,Water Temp situ(øC) MEAN,21.523,10
61700072,12/04/2011,Water Temp situ(øC) MEAN,21.525,10
61700072,13/04/2011,Water Temp situ(øC) MEAN,21.551,10
61700072,14/04/2011,Water Temp situ(øC) MEAN,21.562,10
61700072,15/04/2011,Water Temp situ(øC) MEAN,21.556,10
61700072,16/04/2011,Water Temp situ(øC) MEAN,21.557,10
61700072,17/04/2011,Water Temp situ(øC) MEAN,21.591,10
61700072,18/04/2011,Water Temp situ(øC) MEAN,21.623,10
61700072,19/04/2011,Water Temp situ(øC) MEAN,21.643,10
61700072,20/04/2011,Water Temp situ(øC) MEAN,21.657,10
61700072,21/04/2011,Water Temp situ(øC) MEAN,21.638,10
61700072,22/04/2011,Water Temp situ(øC) MEAN,21.614,10
61700072,23/04/2011,Water Temp situ(øC) MEAN,21.625,10
61700072,24/04/2011,Water Temp situ(øC) MEAN,21.642,10
61700072,25/04/2011,Water Temp situ(øC) MEAN,21.652,10
61700072,26/04/2011,Water Temp situ(øC) MEAN,21.647,10
61700072,27/04/2011,Water Temp situ(øC) MEAN,21.656,10
61700072,28/04/2011,Water Temp situ(øC) MEAN,21.684,10
61700072,29/04/2011,Water Temp situ(øC) MEAN,21.69,10
61700072,30/04/2011,Water Temp situ(øC) MEAN,21.704,10
61700072,1/05/2011,Water Temp situ(øC) MEAN,21.72,10
61700072,2/05/2011,Water Temp situ(øC) MEAN,21.725,10
61700072,3/05/2011,Water Temp situ(øC) MEAN,21.729,10
61700072,4/05/2011,Water Temp situ(øC) MEAN,21.739,10
61700072,5/05/2011,Water Temp situ(øC) MEAN,21.75,10
61700072,6/05/2011,Water Temp situ(øC) MEAN,21.783,10
61700072,7/05/2011,Water Temp situ(øC) MEAN,21.767,10
61700072,8/05/2011,Water Temp situ(øC) MEAN,21.758,10
61700072,3/03/2011,Cond Comp in æs/cm MAX,3547.0,10
61700072,4/03/2011,Cond Comp in æs/cm MAX,3505.0,10
61700072,5/03/2011,Cond Comp in æs/cm MAX,3205.0,10
61700072,6/03/2011,Cond Comp in æs/cm MAX,3076.0,10
61700072,7/03/2011,Cond Comp in æs/cm MAX,3090.0,10
61700072,8/03/2011,Cond Comp in æs/cm MAX,3050.0,10
61700072,9/03/2011,Cond Comp in æs/cm MAX,3127.0,10
61700072,10/03/2011,Cond Comp in æs/cm MAX,3510.0,10
61700072,11/03/2011,Cond Comp in æs/cm MAX,3680.0,10
61700072,12/03/2011,Cond Comp in æs/cm MAX,3394.0,10
61700072,13/03/2011,Cond Comp in æs/cm MAX,3187.0,10
61700072,14/03/2011,Cond Comp in æs/cm MAX,3665.0,10
61700072,15/03/2011,Cond Comp in æs/cm MAX,3918.0,10
61700072,16/03/2011,Cond Comp in æs/cm MAX,3910.0,10
61700072,17/03/2011,Cond Comp in æs/cm MAX,3855.0,10
61700072,18/03/2011,Cond Comp in æs/cm MAX,3499.0,10
61700072,19/03/2011,Cond Comp in æs/cm MAX,3148.0,10
61700072,20/03/2011,Cond Comp in æs/cm MAX,3113.0,10
61700072,21/03/2011,Cond Comp in æs/cm MAX,3386.0,10
61700072,22/03/2011,Cond Comp in æs/cm MAX,3649.0,10
61700072,23/03/2011,Cond Comp in æs/cm MAX,3551.0,10
61700072,24/03/2011,Cond Comp in æs/cm MAX,3450.0,10
61700072,25/03/2011,Cond Comp in æs/cm MAX,3766.0,10
61700072,26/03/2011,Cond Comp in æs/cm MAX,3628.0,10
61700072,27/03/2011,Cond Comp in æs/cm MAX,3484.0,10
61700072,28/03/2011,Cond Comp in æs/cm MAX,3431.0,10
61700072,29/03/2011,Cond Comp in æs/cm MAX,3331.0,10
61700072,30/03/2011,Cond Comp in æs/cm MAX,3267.0,10
61700072,31/03/2011,Cond Comp in æs/cm MAX,3348.0,10
61700072,1/04/2011,Cond Comp in æs/cm MAX,3254.0,10
61700072,2/04/2011,Cond Comp in æs/cm MAX,3291.0,10
61700072,3/04/2011,Cond Comp in æs/cm MAX,3577.0,10
61700072,4/04/2011,Cond Comp in æs/cm MAX,3806.0,10
61700072,5/04/2011,Cond Comp in æs/cm MAX,3821.0,10
61700072,6/04/2011,Cond Comp in æs/cm MAX,3975.0,10
61700072,7/04/2011,Cond Comp in æs/cm MAX,3988.0,10
61700072,8/04/2011,Cond Comp in æs/cm MAX,3448.0,10
61700072,9/04/2011,Cond Comp in æs/cm MAX,3369.0,10
61700072,10/04/2011,Cond Comp in æs/cm MAX,3972.0,10
61700072,11/04/2011,Cond Comp in æs/cm MAX,4088.0,10
61700072,12/04/2011,Cond Comp in æs/cm MAX,3811.0,1
61700072,13/04/2011,Cond Comp in æs/cm MAX,3526.0,10
61700072,14/04/2011,Cond Comp in æs/cm MAX,3310.0,10
61700072,15/04/2011,Cond Comp in æs/cm MAX,3483.0,10
61700072,16/04/2011,Cond Comp in æs/cm MAX,3741.0,10
61700072,17/04/2011,Cond Comp in æs/cm MAX,3902.0,10
61700072,18/04/2011,Cond Comp in æs/cm MAX,3825.0,10
61700072,19/04/2011,Cond Comp in æs/cm MAX,3802.0,10
61700072,20/04/2011,Cond Comp in æs/cm MAX,3811.0,10
61700072,21/04/2011,Cond Comp in æs/cm MAX,3906.0,10
61700072,22/04/2011,Cond Comp in æs/cm MAX,4456.0,10
61700072,23/04/2011,Cond Comp in æs/cm MAX,4433.0,10
61700072,24/04/2011,Cond Comp in æs/cm MAX,4119.0,10
61700072,25/04/2011,Cond Comp in æs/cm MAX,3690.0,10
61700072,26/04/2011,Cond Comp in æs/cm MAX,3561.0,10
61700072,27/04/2011,Cond Comp in æs/cm MAX,3528.0,10
61700072,28/04/2011,Cond Comp in æs/cm MAX,3334.0,10
61700072,29/04/2011,Cond Comp in æs/cm MAX,3333.0,10
61700072,30/04/2011,Cond Comp in æs/cm MAX,3406.0,10
61700072,1/05/2011,Cond Comp in æs/cm MAX,3470.0,10
61700072,2/05/2011,Cond Comp in æs/cm MAX,3739.0,10
61700072,3/05/2011,Cond Comp in æs/cm MAX,3973.0,10
61700072,4/05/2011,Cond Comp in æs/cm MAX,4135.0,10
61700072,5/05/2011,Cond Comp in æs/cm MAX,4157.0,10
61700072,6/05/2011,Cond Comp in æs/cm MAX,3886.0,10
61700072,7/05/2011,Cond Comp in æs/cm MAX,3693.0,10
61700072,8/05/2011,Cond Comp in æs/cm MAX,4239.0,10
61700072,9/05/2011,Cond Comp in æs/cm MAX,3882.0,10
61700072,10/05/2011,Cond Comp in æs/cm MAX,3808.0,10
61700072,11/05/2011,Cond Comp in æs/cm MAX,3550.0,10
61700072,12/05/2011,Cond Comp in æs/cm MAX,3495.0,10
61700072,13/05/2011,Cond Comp in æs/cm MAX,3592.0,10
61700072,14/05/2011,Cond Comp in æs/cm MAX,3830.0,10
61700072,15/05/2011,Cond Comp in æs/cm MAX,4246.0,10
61700072,16/05/2011,Cond Comp in æs/cm MAX,4942.0,10
61700072,17/05/2011,Cond Comp in æs/cm MAX,4802.0,10
61700072,18/05/2011,Cond Comp in æs/cm MAX,4148.0,10
61700072,19/05/2011,Cond Comp in æs/cm MAX,4019.0,10
61700072,20/05/2011,Cond Comp in æs/cm MAX,4577.0,10
61700072,21/05/2011,Cond Comp in æs/cm MAX,3300.0,10
61700072,22/05/2011,Cond Comp in æs/cm MAX,3128.0,10
61700072,23/05/2011,Cond Comp in æs/cm MAX,3074.0,10
61700072,24/05/2011,Cond Comp in æs/cm MAX,3373.0,10
61700072,25/05/2011,Cond Comp in æs/cm MAX,3586.0,10
61700072,26/05/2011,Cond Comp in æs/cm MAX,3629.0,10
61700072,27/05/2011,Cond Comp in æs/cm MAX,3811.0,10
61700072,28/05/2011,Cond Comp in æs/cm MAX,3779.0,10
61700072,29/05/2011,Cond Comp in æs/cm MAX,3909.0,10
61700072,30/05/2011,Cond Comp in æs/cm MAX,4592.0,10
61700072,31/05/2011,Cond Comp in æs/cm MAX,3918.0,10
61700072,1/06/2011,Cond Comp in æs/cm MAX,4154.0,10
61700072,2/06/2011,Cond Comp in æs/cm MAX,4015.0,10
61700072,3/06/2011,Cond Comp in æs/cm MAX,3736.0,10
61700072,15/08/2011,Water Temp situ(øC) MAX,21.15,10
61700072,16/08/2011,Water Temp situ(øC) MAX,21.1,10
61700072,9/09/2011,Water Temp situ(øC) MAX,20.67,10
61700072,10/09/2011,Water Temp situ(øC) MAX,20.78,10
61700072,11/09/2011,Water Temp situ(øC) MAX,20.78,10
61700072,12/09/2011,Water Temp situ(øC) MAX,20.79,10
61700072,13/09/2011,Water Temp situ(øC) MAX,20.79,10
61700072,14/09/2011,Water Temp situ(øC) MAX,20.81,10
61700072,15/09/2011,Water Temp situ(øC) MAX,20.81,10
61700072,16/09/2011,Water Temp situ(øC) MAX,20.81,10
61700072,30/05/2011,Water Temp situ(øC) MAX,21.95,10
61700072,31/05/2011,Water Temp situ(øC) MAX,21.98,10
61700072,1/06/2011,Water Temp situ(øC) MAX,21.98,10
61700072,2/06/2011,Water Temp situ(øC) MAX,22.01,10
61700072,9/06/2011,Water Temp situ(øC) MEAN,21.877,10
61700072,10/06/2011,Water Temp situ(øC) MEAN,21.879,10
61700072,11/06/2011,Water Temp situ(øC) MEAN,21.869,10
61700072,12/06/2011,Water Temp situ(øC) MEAN,21.872,10
61700072,13/06/2011,Water Temp situ(øC) MEAN,21.865,10
61700072,14/06/2011,Water Temp situ(øC) MEAN,21.86,10
61700072,15/06/2011,Water Temp situ(øC) MEAN,21.867,10
61700072,16/06/2011,Water Temp situ(øC) MEAN,21.868,10
61700072,17/06/2011,Water Temp situ(øC) MEAN,21.855,10
61700072,18/06/2011,Water Temp situ(øC) MEAN,21.854,10
61700072,19/06/2011,Water Temp situ(øC) MEAN,21.851,10
61700072,20/06/2011,Water Temp situ(øC) MEAN,21.846,10
61700072,21/06/2011,Water Temp situ(øC) MEAN,21.844,10
61700072,22/06/2011,Water Temp situ(øC) MEAN,21.834,10
61700072,23/06/2011,Water Temp situ(øC) MEAN,21.826,10
61700072,24/06/2011,Water Temp situ(øC) MEAN,21.816,10
61700072,25/06/2011,Water Temp situ(øC) MEAN,21.825,10
61700072,26/06/2011,Water Temp situ(øC) MEAN,21.809,10
61700072,27/06/2011,Water Temp situ(øC) MEAN,21.795,10
61700072,28/06/2011,Water Temp situ(øC) MEAN,21.786,10
61700072,29/06/2011,Water Temp situ(øC) MEAN,21.781,10
61700072,30/06/2011,Water Temp situ(øC) MEAN,21.767,10
61700072,1/07/2011,Water Temp situ(øC) MEAN,21.754,10
61700072,2/07/2011,Water Temp situ(øC) MEAN,21.739,10
61700072,3/07/2011,Water Temp situ(øC) MEAN,21.723,10
61700072,4/07/2011,Water Temp situ(øC) MEAN,21.709,10
61700072,5/07/2011,Water Temp situ(øC) MEAN,21.697,10
61700072,6/07/2011,Water Temp situ(øC) MEAN,21.697,10
61700072,7/07/2011,Water Temp situ(øC) MEAN,21.709,10
61700072,8/07/2011,Water Temp situ(øC) MEAN,21.703,10
61700072,9/07/2011,Water Temp situ(øC) MEAN,21.653,10
61700072,23/08/2011,Water Temp situ(øC) MIN,20.72,10
61700072,24/08/2011,Water Temp situ(øC) MIN,20.69,10
61700072,25/08/2011,Water Temp situ(øC) MIN,20.67,10
61700072,26/08/2011,Water Temp situ(øC) MIN,20.65,10
61700072,27/08/2011,Water Temp situ(øC) MIN,20.66,10
61700072,28/08/2011,Water Temp situ(øC) MIN,20.63,10
61700072,29/08/2011,Water Temp situ(øC) MIN,20.62,10
61700072,30/08/2011,Water Temp situ(øC) MIN,20.6,10
61700072,31/08/2011,Water Temp situ(øC) MIN,20.56,10
61700072,1/09/2011,Water Temp situ(øC) MIN,20.55,10
61700072,2/09/2011,Water Temp situ(øC) MIN,20.56,10
61700072,3/09/2011,Water Temp situ(øC) MIN,20.54,10
61700072,4/09/2011,Water Temp situ(øC) MIN,20.55,10
61700072,5/09/2011,Water Temp situ(øC) MIN,20.52,10
61700072,6/09/2011,Water Temp situ(øC) MIN,20.51,10
61700072,7/09/2011,Water Temp situ(øC) MIN,20.52,10
61700072,8/09/2011,Water Temp situ(øC) MIN,20.5,10
61700072,9/09/2011,Water Temp situ(øC) MIN,20.49,10
61700072,10/09/2011,Water Temp situ(øC) MIN,20.47,10
61700072,11/09/2011,Water Temp situ(øC) MIN,20.43,10
61700072,12/09/2011,Water Temp situ(øC) MIN,20.42,10
61700072,13/09/2011,Water Temp situ(øC) MIN,20.39,10
61700072,14/09/2011,Water Temp situ(øC) MIN,20.41,10
61700072,15/09/2011,Water Temp situ(øC) MIN,20.4,10
61700072,16/09/2011,Water Temp situ(øC) MIN,20.35,10
61700072,17/09/2011,Water Temp situ(øC) MIN,20.35,10
61700072,18/09/2011,Water Temp situ(øC) MIN,20.4,10
61700072,19/09/2011,Water Temp situ(øC) MIN,20.36,10
61700072,20/09/2011,Water Temp situ(øC) MIN,20.38,10
61700072,21/09/2011,Water Temp situ(øC) MIN,20.38,10
61700072,22/09/2011,Water Temp situ(øC) MIN,20.36,10
61700072,4/06/2011,Cond Comp in æs/cm MAX,3661.0,10
61700072,5/06/2011,Cond Comp in æs/cm MAX,3864.0,10
61700072,6/06/2011,Cond Comp in æs/cm MAX,3692.0,10
61700072,7/06/2011,Cond Comp in æs/cm MAX,3328.0,10
61700072,8/06/2011,Cond Comp in æs/cm MAX,3286.0,10
61700072,9/06/2011,Cond Comp in æs/cm MAX,3200.0,10
61700072,10/06/2011,Cond Comp in æs/cm MAX,3520.0,10
61700072,11/06/2011,Cond Comp in æs/cm MAX,3586.0,10
61700072,12/06/2011,Cond Comp in æs/cm MAX,3704.0,10
61700072,13/06/2011,Cond Comp in æs/cm MAX,3864.0,10
61700072,14/06/2011,Cond Comp in æs/cm MAX,4401.0,10
61700072,15/06/2011,Cond Comp in æs/cm MAX,4346.0,10
61700072,16/06/2011,Cond Comp in æs/cm MAX,3757.0,10
61700072,17/06/2011,Cond Comp in æs/cm MAX,3812.0,10
61700072,18/06/2011,Cond Comp in æs/cm MAX,3758.0,10
61700072,19/06/2011,Cond Comp in æs/cm MAX,3608.0,10
61700072,20/06/2011,Cond Comp in æs/cm MAX,3609.0,10
61700072,21/06/2011,Cond Comp in æs/cm MAX,3150.0,10
61700072,22/06/2011,Cond Comp in æs/cm MAX,3256.0,10
61700072,23/06/2011,Cond Comp in æs/cm MAX,3439.0,10
61700072,24/06/2011,Cond Comp in æs/cm MAX,3654.0,10
61700072,25/06/2011,Cond Comp in æs/cm MAX,3824.0,10
61700072,26/06/2011,Cond Comp in æs/cm MAX,3323.0,10
61700072,27/06/2011,Cond Comp in æs/cm MAX,3655.0,10
61700072,28/06/2011,Cond Comp in æs/cm MAX,4404.0,10
61700072,29/06/2011,Cond Comp in æs/cm MAX,3956.0,10
61700072,30/06/2011,Cond Comp in æs/cm MAX,3968.0,10
61700072,1/07/2011,Cond Comp in æs/cm MAX,3829.0,10
61700072,2/07/2011,Cond Comp in æs/cm MAX,3594.0,10
61700072,3/07/2011,Cond Comp in æs/cm MAX,3487.0,10
61700072,4/07/2011,Cond Comp in æs/cm MAX,3103.0,10
61700072,6/10/2011,Cond Comp in æs/cm MAX,2722.0,10
61700072,7/10/2011,Cond Comp in æs/cm MAX,2767.0,10
61700072,8/10/2011,Cond Comp in æs/cm MAX,2942.0,10
61700072,9/10/2011,Cond Comp in æs/cm MAX,2975.0,10
61700072,10/10/2011,Cond Comp in æs/cm MAX,2986.0,10
61700072,11/10/2011,Cond Comp in æs/cm MAX,3085.0,10
61700072,12/10/2011,Cond Comp in æs/cm MAX,3162.0,10
61700072,13/10/2011,Cond Comp in æs/cm MAX,3162.0,10
61700072,14/10/2011,Cond Comp in æs/cm MAX,3152.0,10
61700072,15/10/2011,Cond Comp in æs/cm MAX,2953.0,10
61700072,16/10/2011,Cond Comp in æs/cm MAX,3326.0,10
61700072,17/10/2011,Cond Comp in æs/cm MAX,3349.0,10
61700072,18/10/2011,Cond Comp in æs/cm MAX,3262.0,10
61700072,19/10/2011,Cond Comp in æs/cm MAX,3065.0,10
61700072,20/10/2011,Cond Comp in æs/cm MAX,2737.0,10
61700072,21/10/2011,Cond Comp in æs/cm MAX,2891.0,10
61700072,22/10/2011,Cond Comp in æs/cm MAX,3188.0,10
61700072,23/10/2011,Cond Comp in æs/cm MAX,3188.0,10
61700072,24/10/2011,Cond Comp in æs/cm MAX,3426.0,10
61700072,25/10/2011,Cond Comp in æs/cm MAX,3701.0,10
61700072,26/10/2011,Cond Comp in æs/cm MAX,3742.0,10
61700072,27/10/2011,Cond Comp in æs/cm MAX,3668.0,10
61700072,28/10/2011,Cond Comp in æs/cm MAX,3460.0,10
61700072,29/10/2011,Cond Comp in æs/cm MAX,3034.0,10
61700072,30/10/2011,Cond Comp in æs/cm MAX,2869.0,10
61700072,31/10/2011,Cond Comp in æs/cm MAX,2749.0,10
61700072,1/11/2011,Cond Comp in æs/cm MAX,3066.0,10
61700072,2/11/2011,Cond Comp in æs/cm MAX,3374.0,10
61700072,3/11/2011,Cond Comp in æs/cm MAX,3550.0,10
61700072,4/11/2011,Cond Comp in æs/cm MAX,3562.0,10
61700072,5/11/2011,Cond Comp in æs/cm MAX,3528.0,10
61700072,17/09/2011,Water Temp situ(øC) MAX,20.8,10
61700072,18/09/2011,Water Temp situ(øC) MAX,20.8,10
61700072,19/09/2011,Water Temp situ(øC) MAX,20.74,10
61700072,20/09/2011,Water Temp situ(øC) MAX,20.64,10
61700072,21/09/2011,Water Temp situ(øC) MAX,20.71,10
61700072,22/09/2011,Water Temp situ(øC) MAX,20.68,10
61700072,23/09/2011,Water Temp situ(øC) MAX,20.68,10
61700072,24/09/2011,Water Temp situ(øC) MAX,20.68,10
61700072,25/09/2011,Water Temp situ(øC) MAX,20.65,10
61700072,26/09/2011,Water Temp situ(øC) MAX,20.66,10
61700072,28/10/2011,Water Temp situ(øC) MAX,20.54,10
61700072,29/10/2011,Water Temp situ(øC) MAX,20.53,10
61700072,30/10/2011,Water Temp situ(øC) MAX,20.51,10
61700072,31/10/2011,Water Temp situ(øC) MAX,20.51,10
61700072,1/11/2011,Water Temp situ(øC) MAX,20.5,10
61700072,2/11/2011,Water Temp situ(øC) MAX,20.51,10
61700072,3/11/2011,Water Temp situ(øC) MAX,20.5,10
61700072,4/11/2011,Water Temp situ(øC) MAX,20.5,10
61700072,5/11/2011,Water Temp situ(øC) MAX,20.52,10
61700072,6/11/2011,Water Temp situ(øC) MAX,20.53,10
61700072,15/02/2011,Water Temp situ(øC) MEAN,20.745,10
61700072,16/02/2011,Water Temp situ(øC) MEAN,20.759,10
61700072,17/02/2011,Water Temp situ(øC) MEAN,20.763,10
61700072,18/02/2011,Water Temp situ(øC) MEAN,20.772,10
61700072,19/02/2011,Water Temp situ(øC) MEAN,20.782,10
61700072,20/02/2011,Water Temp situ(øC) MEAN,20.789,10
61700072,21/02/2011,Water Temp situ(øC) MEAN,20.804,10
61700072,22/02/2011,Water Temp situ(øC) MEAN,20.825,10
61700072,23/02/2011,Water Temp situ(øC) MEAN,20.843,10
61700072,24/02/2011,Water Temp situ(øC) MEAN,20.859,10
61700072,25/02/2011,Water Temp situ(øC) MEAN,20.858,10
61700072,26/02/2011,Water Temp situ(øC) MEAN,20.891,10
61700072,27/02/2011,Water Temp situ(øC) MEAN,20.901,10
61700072,28/02/2011,Water Temp situ(øC) MEAN,20.921,10
61700072,1/03/2011,Water Temp situ(øC) MEAN,20.931,10
61700072,2/03/2011,Water Temp situ(øC) MEAN,20.942,10
61700072,3/03/2011,Water Temp situ(øC) MEAN,20.944,10
61700072,4/03/2011,Water Temp situ(øC) MEAN,20.959,10
61700072,5/03/2011,Water Temp situ(øC) MEAN,20.98,10
61700072,6/03/2011,Water Temp situ(øC) MEAN,20.998,10
61700072,7/03/2011,Water Temp situ(øC) MEAN,21.014,10
61700072,8/03/2011,Water Temp situ(øC) MEAN,21.035,10
61700072,9/03/2011,Water Temp situ(øC) MEAN,21.041,10
61700072,10/03/2011,Water Temp situ(øC) MEAN,21.048,10
61700072,11/03/2011,Water Temp situ(øC) MEAN,21.068,10
61700072,12/03/2011,Water Temp situ(øC) MEAN,21.116,10
61700072,13/03/2011,Water Temp situ(øC) MEAN,21.125,10
61700072,14/03/2011,Water Temp situ(øC) MEAN,21.117,10
61700072,15/03/2011,Water Temp situ(øC) MEAN,21.139,10
61700072,16/03/2011,Water Temp situ(øC) MEAN,21.15,10
61700072,17/03/2011,Water Temp situ(øC) MEAN,21.158,10
61700072,18/03/2011,Water Temp situ(øC) MEAN,21.177,10
61700072,19/03/2011,Water Temp situ(øC) MEAN,21.196,10
61700072,20/03/2011,Water Temp situ(øC) MEAN,21.208,10
61700072,21/03/2011,Water Temp situ(øC) MEAN,21.216,10
61700072,22/03/2011,Water Temp situ(øC) MEAN,21.237,10
61700072,23/03/2011,Water Temp situ(øC) MEAN,21.273,10
61700072,24/03/2011,Water Temp situ(øC) MEAN,21.268,10
61700072,25/03/2011,Water Temp situ(øC) MEAN,21.281,10
61700072,26/03/2011,Water Temp situ(øC) MEAN,21.297,10
61700072,27/03/2011,Water Temp situ(øC) MEAN,21.305,10
61700072,28/03/2011,Water Temp situ(øC) MEAN,21.314,10
61700072,29/03/2011,Water Temp situ(øC) MEAN,21.339,10
61700072,30/03/2011,Water Temp situ(øC) MEAN,21.339,10
61700072,31/03/2011,Water Temp situ(øC) MEAN,21.357,10
61700072,1/04/2011,Water Temp situ(øC) MEAN,21.366,10
61700072,2/04/2011,Water Temp situ(øC) MEAN,21.373,10
61700072,3/04/2011,Water Temp situ(øC) MEAN,21.382,10
61700072,4/04/2011,Water Temp situ(øC) MEAN,21.425,10
61700072,5/04/2011,Water Temp situ(øC) MEAN,21.518,10
61700072,6/04/2011,Water Temp situ(øC) MEAN,21.479,10
61700072,7/04/2011,Water Temp situ(øC) MEAN,21.558,10
61700072,9/05/2011,Water Temp situ(øC) MEAN,21.778,10
61700072,10/05/2011,Water Temp situ(øC) MEAN,21.772,10
61700072,11/05/2011,Water Temp situ(øC) MEAN,21.782,10
61700072,12/05/2011,Water Temp situ(øC) MEAN,21.783,10
61700072,13/05/2011,Water Temp situ(øC) MEAN,21.784,10
61700072,14/05/2011,Water Temp situ(øC) MEAN,21.792,10
61700072,15/05/2011,Water Temp situ(øC) MEAN,21.795,10
61700072,16/05/2011,Water Temp situ(øC) MEAN,21.795,10
61700072,17/05/2011,Water Temp situ(øC) MEAN,21.823,10
61700072,18/05/2011,Water Temp situ(øC) MEAN,21.839,10
61700072,19/05/2011,Water Temp situ(øC) MEAN,21.833,10
61700072,20/05/2011,Water Temp situ(øC) MEAN,21.846,10
61700072,21/05/2011,Water Temp situ(øC) MEAN,21.881,10
61700072,22/05/2011,Water Temp situ(øC) MEAN,21.883,10
61700072,23/05/2011,Water Temp situ(øC) MEAN,21.877,10
61700072,24/05/2011,Water Temp situ(øC) MEAN,21.86,10
61700072,25/05/2011,Water Temp situ(øC) MEAN,21.857,10
61700072,26/05/2011,Water Temp situ(øC) MEAN,21.855,10
61700072,27/05/2011,Water Temp situ(øC) MEAN,21.857,10
61700072,28/05/2011,Water Temp situ(øC) MEAN,21.866,10
61700072,29/05/2011,Water Temp situ(øC) MEAN,21.857,10
61700072,30/05/2011,Water Temp situ(øC) MEAN,21.865,10
61700072,31/05/2011,Water Temp situ(øC) MEAN,21.879,10
61700072,1/06/2011,Water Temp situ(øC) MEAN,21.87,10
61700072,2/06/2011,Water Temp situ(øC) MEAN,21.893,10
61700072,3/06/2011,Water Temp situ(øC) MEAN,21.892,10
61700072,4/06/2011,Water Temp situ(øC) MEAN,21.887,10
61700072,5/06/2011,Water Temp situ(øC) MEAN,21.885,10
61700072,6/06/2011,Water Temp situ(øC) MEAN,21.89,10
61700072,7/06/2011,Water Temp situ(øC) MEAN,21.89,10
61700072,8/06/2011,Water Temp situ(øC) MEAN,21.881,10
61700072,10/07/2011,Water Temp situ(øC) MEAN,21.646,10
61700072,11/07/2011,Water Temp situ(øC) MEAN,21.638,10
61700072,12/07/2011,Water Temp situ(øC) MEAN,21.619,10
61700072,13/07/2011,Water Temp situ(øC) MEAN,21.603,10
61700072,14/07/2011,Water Temp situ(øC) MEAN,21.588,10
61700072,15/07/2011,Water Temp situ(øC) MEAN,21.579,10
61700072,16/07/2011,Water Temp situ(øC) MEAN,21.557,10
61700072,17/07/2011,Water Temp situ(øC) MEAN,21.542,10
61700072,18/07/2011,Water Temp situ(øC) MEAN,21.538,10
61700072,19/07/2011,Water Temp situ(øC) MEAN,21.529,10
61700072,20/07/2011,Water Temp situ(øC) MEAN,21.522,10
61700072,21/07/2011,Water Temp situ(øC) MEAN,21.519,10
61700072,22/07/2011,Water Temp situ(øC) MEAN,21.475,10
61700072,23/07/2011,Water Temp situ(øC) MEAN,21.413,10
61700072,24/07/2011,Water Temp situ(øC) MEAN,21.39,10
61700072,25/07/2011,Water Temp situ(øC) MEAN,21.39,10
61700072,26/07/2011,Water Temp situ(øC) MEAN,21.366,10
61700072,27/07/2011,Water Temp situ(øC) MEAN,21.372,10
61700072,28/07/2011,Water Temp situ(øC) MEAN,21.37,10
61700072,29/07/2011,Water Temp situ(øC) MEAN,21.317,10
61700072,30/07/2011,Water Temp situ(øC) MEAN,21.285,10
61700072,31/07/2011,Water Temp situ(øC) MEAN,21.293,10
61700072,1/08/2011,Water Temp situ(øC) MEAN,21.28,10
61700072,2/08/2011,Water Temp situ(øC) MEAN,21.255,10
61700072,3/08/2011,Water Temp situ(øC) MEAN,21.105,10
61700072,4/08/2011,Water Temp situ(øC) MEAN,21.078,10
61700072,5/08/2011,Water Temp situ(øC) MEAN,21.131,10
61700072,6/08/2011,Water Temp situ(øC) MEAN,21.128,10
61700072,7/08/2011,Water Temp situ(øC) MEAN,21.112,10
61700072,8/08/2011,Water Temp situ(øC) MEAN,21.106,10
61700072,9/08/2011,Water Temp situ(øC) MEAN,21.09,10
61700072,10/08/2011,Water Temp situ(øC) MEAN,21.064,10
61700072,11/08/2011,Water Temp situ(øC) MEAN,21.042,10
61700072,12/08/2011,Water Temp situ(øC) MEAN,21.018,10
61700072,13/08/2011,Water Temp situ(øC) MEAN,21.024,10
61700072,14/08/2011,Water Temp situ(øC) MEAN,21.034,10
61700072,15/08/2011,Water Temp situ(øC) MEAN,20.975,10
61700072,16/08/2011,Water Temp situ(øC) MEAN,20.891,10
61700072,17/08/2011,Water Temp situ(øC) MEAN,20.876,10
61700072,18/08/2011,Water Temp situ(øC) MEAN,20.872,10
61700072,19/08/2011,Water Temp situ(øC) MEAN,20.871,10
61700072,20/08/2011,Water Temp situ(øC) MEAN,20.87,10
61700072,21/08/2011,Water Temp situ(øC) MEAN,20.907,10
61700072,22/08/2011,Water Temp situ(øC) MEAN,20.89,10
61700072,23/08/2011,Water Temp situ(øC) MEAN,20.845,10
61700072,24/08/2011,Water Temp situ(øC) MEAN,20.845,10
61700072,25/08/2011,Water Temp situ(øC) MEAN,20.816,10
61700072,26/08/2011,Water Temp situ(øC) MEAN,20.806,10
61700072,27/08/2011,Water Temp situ(øC) MEAN,20.795,10
61700072,28/08/2011,Water Temp situ(øC) MEAN,20.776,10
61700072,29/08/2011,Water Temp situ(øC) MEAN,20.766,10
61700072,30/08/2011,Water Temp situ(øC) MEAN,20.764,10
61700072,31/08/2011,Water Temp situ(øC) MEAN,20.741,10
61700072,1/09/2011,Water Temp situ(øC) MEAN,20.762,10
61700072,2/09/2011,Water Temp situ(øC) MEAN,20.717,10
61700072,3/09/2011,Water Temp situ(øC) MEAN,20.694,10
61700072,4/09/2011,Water Temp situ(øC) MEAN,20.696,10
61700072,5/09/2011,Water Temp situ(øC) MEAN,20.673,10
61700072,6/09/2011,Water Temp situ(øC) MEAN,20.633,10
61700072,7/09/2011,Water Temp situ(øC) MEAN,20.585,10
61700072,8/09/2011,Water Temp situ(øC) MEAN,20.608,10
61700072,9/09/2011,Water Temp situ(øC) MEAN,20.581,10
61700072,10/09/2011,Water Temp situ(øC) MEAN,20.595,10
61700072,11/09/2011,Water Temp situ(øC) MEAN,20.605,10
61700072,12/09/2011,Water Temp situ(øC) MEAN,20.647,10
61700072,13/09/2011,Water Temp situ(øC) MEAN,20.655,10
61700072,14/09/2011,Water Temp situ(øC) MEAN,20.64,10
61700072,15/09/2011,Water Temp situ(øC) MEAN,20.614,10
61700072,16/09/2011,Water Temp situ(øC) MEAN,20.567,10
61700072,17/09/2011,Water Temp situ(øC) MEAN,20.567,10
61700072,18/09/2011,Water Temp situ(øC) MEAN,20.581,10
61700072,19/09/2011,Water Temp situ(øC) MEAN,20.521,10
61700072,20/09/2011,Water Temp situ(øC) MEAN,20.495,10
61700072,21/09/2011,Water Temp situ(øC) MEAN,20.516,10
61700072,22/09/2011,Water Temp situ(øC) MEAN,20.505,10
61700072,23/09/2011,Water Temp situ(øC) MEAN,20.492,10
61700072,24/09/2011,Water Temp situ(øC) MEAN,20.484,10
61700072,25/09/2011,Water Temp situ(øC) MEAN,20.472,10
61700072,26/09/2011,Water Temp situ(øC) MEAN,20.466,10
61700072,27/09/2011,Water Temp situ(øC) MEAN,20.474,10
61700072,28/09/2011,Water Temp situ(øC) MEAN,20.444,10
61700072,29/09/2011,Water Temp situ(øC) MEAN,20.467,10
61700072,30/09/2011,Water Temp situ(øC) MEAN,20.482,10
61700072,1/10/2011,Water Temp situ(øC) MEAN,20.481,10
61700072,2/10/2011,Water Temp situ(øC) MEAN,20.459,10
61700072,3/10/2011,Water Temp situ(øC) MEAN,20.431,10
61700072,4/10/2011,Water Temp situ(øC) MEAN,20.422,10
61700072,5/10/2011,Water Temp situ(øC) MEAN,20.426,10
61700072,6/10/2011,Water Temp situ(øC) MEAN,20.417,10
61700072,7/10/2011,Water Temp situ(øC) MEAN,20.453,10
61700072,8/10/2011,Water Temp situ(øC) MEAN,20.476,10
61700072,9/10/2011,Water Temp situ(øC) MEAN,20.436,10
61700072,10/10/2011,Water Temp situ(øC) MEAN,20.432,10
61700072,11/10/2011,Water Temp situ(øC) MEAN,20.469,10
61700072,12/10/2011,Water Temp situ(øC) MEAN,20.438,10
61700072,13/10/2011,Water Temp situ(øC) MEAN,20.444,10
61700072,14/10/2011,Water Temp situ(øC) MEAN,20.408,10
61700072,15/10/2011,Water Temp situ(øC) MEAN,20.407,10
61700072,16/10/2011,Water Temp situ(øC) MEAN,20.405,10
61700072,17/10/2011,Water Temp situ(øC) MEAN,20.404,10
61700072,18/10/2011,Water Temp situ(øC) MEAN,20.421,10
61700072,19/10/2011,Water Temp situ(øC) MEAN,20.387,10
61700072,20/10/2011,Water Temp situ(øC) MEAN,20.379,10
61700072,21/10/2011,Water Temp situ(øC) MEAN,20.397,10
61700072,22/10/2011,Water Temp situ(øC) MEAN,20.451,10
61700072,23/10/2011,Water Temp situ(øC) MEAN,20.47,10
61700072,24/10/2011,Water Temp situ(øC) MEAN,20.477,10
61700072,25/10/2011,Water Temp situ(øC) MEAN,20.493,10
61700072,26/10/2011,Water Temp situ(øC) MEAN,20.478,10
61700072,27/10/2011,Water Temp situ(øC) MEAN,20.435,10
61700072,28/10/2011,Water Temp situ(øC) MEAN,20.387,10
61700072,29/10/2011,Water Temp situ(øC) MEAN,20.379,10
61700072,30/10/2011,Water Temp situ(øC) MEAN,20.371,10
61700072,31/10/2011,Water Temp situ(øC) MEAN,20.382,10
61700072,1/11/2011,Water Temp situ(øC) MEAN,20.403,10
61700072,2/11/2011,Water Temp situ(øC) MEAN,20.414,10
61700072,3/11/2011,Water Temp situ(øC) MEAN,20.443,10
61700072,4/11/2011,Water Temp situ(øC) MEAN,20.45,10
61700072,5/11/2011,Water Temp situ(øC) MEAN,20.472,10
61700072,6/11/2011,Water Temp situ(øC) MEAN,20.465,10
61700072,14/02/2011,Water Temp situ(øC) MIN,20.76,10
61700072,15/02/2011,Water Temp situ(øC) MIN,20.69,10
61700072,16/02/2011,Water Temp situ(øC) MIN,20.7,10
61700072,17/02/2011,Water Temp situ(øC) MIN,20.71,10
61700072,18/02/2011,Water Temp situ(øC) MIN,20.73,10
61700072,19/02/2011,Water Temp situ(øC) MIN,20.75,10
61700072,20/02/2011,Water Temp situ(øC) MIN,20.77,10
61700072,21/02/2011,Water Temp situ(øC) MIN,20.77,10
61700072,22/02/2011,Water Temp situ(øC) MIN,20.78,10
61700072,23/02/2011,Water Temp situ(øC) MIN,20.79,10
61700072,24/02/2011,Water Temp situ(øC) MIN,20.81,10
61700072,25/02/2011,Water Temp situ(øC) MIN,20.82,10
61700072,26/02/2011,Water Temp situ(øC) MIN,20.84,10
61700072,27/02/2011,Water Temp situ(øC) MIN,20.85,10
61700072,28/02/2011,Water Temp situ(øC) MIN,20.87,10
61700072,1/03/2011,Water Temp situ(øC) MIN,20.89,10
61700072,2/03/2011,Water Temp situ(øC) MIN,20.91,10
61700072,3/03/2011,Water Temp situ(øC) MIN,20.91,10
61700072,4/03/2011,Water Temp situ(øC) MIN,20.93,10
61700072,5/03/2011,Water Temp situ(øC) MIN,20.95,10
61700072,6/03/2011,Water Temp situ(øC) MIN,20.96,10
61700072,7/03/2011,Water Temp situ(øC) MIN,20.97,10
61700072,8/03/2011,Water Temp situ(øC) MIN,20.98,10
61700072,9/03/2011,Water Temp situ(øC) MIN,20.99,10
61700072,10/03/2011,Water Temp situ(øC) MIN,21.0,10
61700072,11/03/2011,Water Temp situ(øC) MIN,21.01,10
61700072,12/03/2011,Water Temp situ(øC) MIN,21.03,10
61700072,13/03/2011,Water Temp situ(øC) MIN,21.05,10
61700072,14/03/2011,Water Temp situ(øC) MIN,21.06,10
61700072,15/03/2011,Water Temp situ(øC) MIN,21.07,10
61700072,16/03/2011,Water Temp situ(øC) MIN,21.09,10
61700072,17/03/2011,Water Temp situ(øC) MIN,21.1,10
61700072,18/03/2011,Water Temp situ(øC) MIN,21.12,10
61700072,19/03/2011,Water Temp situ(øC) MIN,21.14,10
61700072,20/03/2011,Water Temp situ(øC) MIN,21.15,10
61700072,21/03/2011,Water Temp situ(øC) MIN,21.15,10
61700072,22/03/2011,Water Temp situ(øC) MIN,21.16,10
61700072,23/03/2011,Water Temp situ(øC) MIN,21.17,10
61700072,24/03/2011,Water Temp situ(øC) MIN,21.19,10
61700072,25/03/2011,Water Temp situ(øC) MIN,21.19,10
61700072,26/03/2011,Water Temp situ(øC) MIN,21.21,10
61700072,27/03/2011,Water Temp situ(øC) MIN,21.24,10
61700072,28/03/2011,Water Temp situ(øC) MIN,21.26,10
61700072,29/03/2011,Water Temp situ(øC) MIN,21.29,10
61700072,30/03/2011,Water Temp situ(øC) MIN,21.31,10
61700072,31/03/2011,Water Temp situ(øC) MIN,21.31,10
61700072,1/04/2011,Water Temp situ(øC) MIN,21.32,10
61700072,2/04/2011,Water Temp situ(øC) MIN,21.33,10
61700072,3/04/2011,Water Temp situ(øC) MIN,21.33,10
61700072,4/04/2011,Water Temp situ(øC) MIN,21.33,10
61700072,5/04/2011,Water Temp situ(øC) MIN,21.36,10
61700072,6/04/2011,Water Temp situ(øC) MIN,21.35,10
61700072,7/04/2011,Water Temp situ(øC) MIN,21.36,10
61700072,8/04/2011,Water Temp situ(øC) MIN,21.39,10
61700072,9/04/2011,Water Temp situ(øC) MIN,21.41,10
61700072,10/04/2011,Water Temp situ(øC) MIN,21.4,10
61700072,11/04/2011,Water Temp situ(øC) MIN,21.44,10
61700072,12/04/2011,Water Temp situ(øC) MIN,21.45,10
61700072,13/04/2011,Water Temp situ(øC) MIN,21.48,10
61700072,14/04/2011,Water Temp situ(øC) MIN,21.5,10
61700072,15/04/2011,Water Temp situ(øC) MIN,21.49,10
61700072,16/04/2011,Water Temp situ(øC) MIN,21.49,10
61700072,17/04/2011,Water Temp situ(øC) MIN,21.5,10
61700072,18/04/2011,Water Temp situ(øC) MIN,21.51,10
61700072,19/04/2011,Water Temp situ(øC) MIN,21.51,10
61700072,20/04/2011,Water Temp situ(øC) MIN,21.51,10
61700072,21/04/2011,Water Temp situ(øC) MIN,21.52,10
61700072,22/04/2011,Water Temp situ(øC) MIN,21.51,10
61700072,23/04/2011,Water Temp situ(øC) MIN,21.54,10
61700072,24/04/2011,Water Temp situ(øC) MIN,21.56,10
61700072,25/04/2011,Water Temp situ(øC) MIN,21.58,10
61700072,26/04/2011,Water Temp situ(øC) MIN,21.61,10
61700072,27/04/2011,Water Temp situ(øC) MIN,21.61,10
61700072,28/04/2011,Water Temp situ(øC) MIN,21.63,10
61700072,29/04/2011,Water Temp situ(øC) MIN,21.62,10
61700072,30/04/2011,Water Temp situ(øC) MIN,21.63,10
61700072,1/05/2011,Water Temp situ(øC) MIN,21.64,10
61700072,2/05/2011,Water Temp situ(øC) MIN,21.64,10
61700072,3/05/2011,Water Temp situ(øC) MIN,21.64,10
61700072,4/05/2011,Water Temp situ(øC) MIN,21.64,10
61700072,5/05/2011,Water Temp situ(øC) MIN,21.65,10
61700072,6/05/2011,Water Temp situ(øC) MIN,21.67,10
61700072,7/05/2011,Water Temp situ(øC) MIN,21.66,10
61700072,8/05/2011,Water Temp situ(øC) MIN,21.68,10
61700072,9/05/2011,Water Temp situ(øC) MIN,21.7,10
61700072,10/05/2011,Water Temp situ(øC) MIN,21.71,10
61700072,11/05/2011,Water Temp situ(øC) MIN,21.74,10
61700072,12/05/2011,Water Temp situ(øC) MIN,21.75,10
61700072,13/05/2011,Water Temp situ(øC) MIN,21.75,10
61700072,14/05/2011,Water Temp situ(øC) MIN,21.74,10
61700072,15/05/2011,Water Temp situ(øC) MIN,21.73,10
61700072,16/05/2011,Water Temp situ(øC) MIN,21.71,10
61700072,17/05/2011,Water Temp situ(øC) MIN,21.72,10
61700072,18/05/2011,Water Temp situ(øC) MIN,21.72,10
61700072,19/05/2011,Water Temp situ(øC) MIN,21.73,10
61700072,20/05/2011,Water Temp situ(øC) MIN,21.72,10
61700072,21/05/2011,Water Temp situ(øC) MIN,21.77,10
61700072,22/05/2011,Water Temp situ(øC) MIN,21.78,10
61700072,23/05/2011,Water Temp situ(øC) MIN,21.81,10
61700072,24/05/2011,Water Temp situ(øC) MIN,21.82,10
61700072,25/05/2011,Water Temp situ(øC) MIN,21.84,10
61700072,26/05/2011,Water Temp situ(øC) MIN,21.83,10
61700072,27/05/2011,Water Temp situ(øC) MIN,21.82,10
61700072,28/05/2011,Water Temp situ(øC) MIN,21.82,10
61700072,29/05/2011,Water Temp situ(øC) MIN,21.8,10
61700072,30/05/2011,Water Temp situ(øC) MIN,21.79,10
61700072,31/05/2011,Water Temp situ(øC) MIN,21.8,10
61700072,1/06/2011,Water Temp situ(øC) MIN,21.79,10
61700072,2/06/2011,Water Temp situ(øC) MIN,21.8,10
61700072,3/06/2011,Water Temp situ(øC) MIN,21.8,10
61700072,4/06/2011,Water Temp situ(øC) MIN,21.81,10
61700072,5/06/2011,Water Temp situ(øC) MIN,21.82,10
61700072,6/06/2011,Water Temp situ(øC) MIN,21.83,10
61700072,7/06/2011,Water Temp situ(øC) MIN,21.84,10
61700072,8/06/2011,Water Temp situ(øC) MIN,21.85,10
61700072,9/06/2011,Water Temp situ(øC) MIN,21.86,10
61700072,10/06/2011,Water Temp situ(øC) MIN,21.85,10
61700072,11/06/2011,Water Temp situ(øC) MIN,21.84,10
61700072,12/06/2011,Water Temp situ(øC) MIN,21.83,10
61700072,13/06/2011,Water Temp situ(øC) MIN,21.82,10
61700072,14/06/2011,Water Temp situ(øC) MIN,21.8,10
61700072,15/06/2011,Water Temp situ(øC) MIN,21.8,10
61700072,16/06/2011,Water Temp situ(øC) MIN,21.8,10
61700072,17/06/2011,Water Temp situ(øC) MIN,21.8,10
61700072,18/06/2011,Water Temp situ(øC) MIN,21.81,10
61700072,19/06/2011,Water Temp situ(øC) MIN,21.81,10
61700072,20/06/2011,Water Temp situ(øC) MIN,21.82,10
61700072,21/06/2011,Water Temp situ(øC) MIN,21.82,10
61700072,22/06/2011,Water Temp situ(øC) MIN,21.82,10
61700072,23/06/2011,Water Temp situ(øC) MIN,21.81,10
61700072,24/06/2011,Water Temp situ(øC) MIN,21.8,10
61700072,25/06/2011,Water Temp situ(øC) MIN,21.8,10
61700072,26/06/2011,Water Temp situ(øC) MIN,21.79,10
61700072,27/06/2011,Water Temp situ(øC) MIN,21.77,10
61700072,28/06/2011,Water Temp situ(øC) MIN,21.76,10
61700072,29/06/2011,Water Temp situ(øC) MIN,21.76,10
61700072,30/06/2011,Water Temp situ(øC) MIN,21.74,10
61700072,1/07/2011,Water Temp situ(øC) MIN,21.72,10
61700072,2/07/2011,Water Temp situ(øC) MIN,21.71,10
61700072,3/07/2011,Water Temp situ(øC) MIN,21.67,10
61700072,4/07/2011,Water Temp situ(øC) MIN,21.64,10
61700072,5/07/2011,Water Temp situ(øC) MIN,21.62,10
61700072,6/07/2011,Water Temp situ(øC) MIN,21.63,10
61700072,7/07/2011,Water Temp situ(øC) MIN,21.7,10
61700072,8/07/2011,Water Temp situ(øC) MIN,21.69,10
61700072,9/07/2011,Water Temp situ(øC) MIN,21.56,10
61700072,10/07/2011,Water Temp situ(øC) MIN,21.55,10
61700072,11/07/2011,Water Temp situ(øC) MIN,21.51,10
61700072,12/07/2011,Water Temp situ(øC) MIN,21.5,10
61700072,13/07/2011,Water Temp situ(øC) MIN,21.48,10
61700072,14/07/2011,Water Temp situ(øC) MIN,21.46,10
61700072,15/07/2011,Water Temp situ(øC) MIN,21.44,10
61700072,16/07/2011,Water Temp situ(øC) MIN,21.4,10
61700072,17/07/2011,Water Temp situ(øC) MIN,21.4,10
61700072,18/07/2011,Water Temp situ(øC) MIN,21.38,10
61700072,19/07/2011,Water Temp situ(øC) MIN,21.37,10
61700072,20/07/2011,Water Temp situ(øC) MIN,21.35,10
61700072,21/07/2011,Water Temp situ(øC) MIN,21.33,10
61700072,22/07/2011,Water Temp situ(øC) MIN,21.29,10
61700072,23/07/2011,Water Temp situ(øC) MIN,21.26,10
61700072,24/07/2011,Water Temp situ(øC) MIN,21.26,10
61700072,25/07/2011,Water Temp situ(øC) MIN,21.21,10
61700072,26/07/2011,Water Temp situ(øC) MIN,21.19,10
61700072,27/07/2011,Water Temp situ(øC) MIN,21.18,10
61700072,28/07/2011,Water Temp situ(øC) MIN,21.15,10
61700072,29/07/2011,Water Temp situ(øC) MIN,21.14,10
61700072,30/07/2011,Water Temp situ(øC) MIN,21.1,10
61700072,31/07/2011,Water Temp situ(øC) MIN,21.06,10
61700072,1/08/2011,Water Temp situ(øC) MIN,21.07,10
61700072,2/08/2011,Water Temp situ(øC) MIN,21.05,10
61700072,3/08/2011,Water Temp situ(øC) MIN,21.02,10
61700072,4/08/2011,Water Temp situ(øC) MIN,21.03,10
61700072,5/08/2011,Water Temp situ(øC) MIN,21.02,10
61700072,6/08/2011,Water Temp situ(øC) MIN,20.99,10
61700072,7/08/2011,Water Temp situ(øC) MIN,20.96,10
61700072,8/08/2011,Water Temp situ(øC) MIN,20.93,10
61700072,9/08/2011,Water Temp situ(øC) MIN,20.9,10
61700072,10/08/2011,Water Temp situ(øC) MIN,20.91,10
61700072,11/08/2011,Water Temp situ(øC) MIN,20.89,10
61700072,12/08/2011,Water Temp situ(øC) MIN,20.87,10
61700072,13/08/2011,Water Temp situ(øC) MIN,20.86,10
61700072,14/08/2011,Water Temp situ(øC) MIN,20.81,10
61700072,15/08/2011,Water Temp situ(øC) MIN,20.82,10
61700072,16/08/2011,Water Temp situ(øC) MIN,20.8,10
61700072,17/08/2011,Water Temp situ(øC) MIN,20.83,10
61700072,18/08/2011,Water Temp situ(øC) MIN,20.79,10
61700072,19/08/2011,Water Temp situ(øC) MIN,20.77,10
61700072,20/08/2011,Water Temp situ(øC) MIN,20.76,10
61700072,21/08/2011,Water Temp situ(øC) MIN,20.73,10
61700072,22/08/2011,Water Temp situ(øC) MIN,20.71,10
61700072,23/09/2011,Water Temp situ(øC) MIN,20.35,10
61700072,24/09/2011,Water Temp situ(øC) MIN,20.31,10
61700072,25/09/2011,Water Temp situ(øC) MIN,20.34,10
61700072,26/09/2011,Water Temp situ(øC) MIN,20.31,10
61700072,27/09/2011,Water Temp situ(øC) MIN,20.27,10
61700072,28/09/2011,Water Temp situ(øC) MIN,20.31,10
61700072,29/09/2011,Water Temp situ(øC) MIN,20.26,10
61700072,30/09/2011,Water Temp situ(øC) MIN,20.3,10
61700072,1/10/2011,Water Temp situ(øC) MIN,20.3,10
61700072,2/10/2011,Water Temp situ(øC) MIN,20.32,10
61700072,3/10/2011,Water Temp situ(øC) MIN,20.29,10
61700072,4/10/2011,Water Temp situ(øC) MIN,20.29,10
61700072,5/10/2011,Water Temp situ(øC) MIN,20.27,10
61700072,6/10/2011,Water Temp situ(øC) MIN,20.26,10
61700072,7/10/2011,Water Temp situ(øC) MIN,20.25,10
61700072,8/10/2011,Water Temp situ(øC) MIN,20.24,10
61700072,9/10/2011,Water Temp situ(øC) MIN,20.26,10
61700072,10/10/2011,Water Temp situ(øC) MIN,20.23,10
61700072,11/10/2011,Water Temp situ(øC) MIN,20.3,10
61700072,12/10/2011,Water Temp situ(øC) MIN,20.24,10
61700072,13/10/2011,Water Temp situ(øC) MIN,20.25,10
61700072,14/10/2011,Water Temp situ(øC) MIN,20.21,10
61700072,15/10/2011,Water Temp situ(øC) MIN,20.26,10
61700072,16/10/2011,Water Temp situ(øC) MIN,20.23,10
61700072,17/10/2011,Water Temp situ(øC) MIN,20.22,10
61700072,18/10/2011,Water Temp situ(øC) MIN,20.24,10
61700072,19/10/2011,Water Temp situ(øC) MIN,20.21,10
61700072,20/10/2011,Water Temp situ(øC) MIN,20.21,10
61700072,21/10/2011,Water Temp situ(øC) MIN,20.27,10
61700072,22/10/2011,Water Temp situ(øC) MIN,20.23,10
61700072,23/10/2011,Water Temp situ(øC) MIN,20.25,10
61700072,24/10/2011,Water Temp situ(øC) MIN,20.34,10
61700072,25/10/2011,Water Temp situ(øC) MIN,20.32,10
61700072,26/10/2011,Water Temp situ(øC) MIN,20.28,10
61700072,27/10/2011,Water Temp situ(øC) MIN,20.25,10
61700072,28/10/2011,Water Temp situ(øC) MIN,20.2,10
61700072,29/10/2011,Water Temp situ(øC) MIN,20.21,10
61700072,30/10/2011,Water Temp situ(øC) MIN,20.23,10
61700072,31/10/2011,Water Temp situ(øC) MIN,20.23,10
61700072,1/11/2011,Water Temp situ(øC) MIN,20.25,10
61700072,2/11/2011,Water Temp situ(øC) MIN,20.26,10
61700072,3/11/2011,Water Temp situ(øC) MIN,20.31,10
61700072,4/11/2011,Water Temp situ(øC) MIN,20.35,10
61700072,5/11/2011,Water Temp situ(øC) MIN,20.41,10
61700072,6/11/2011,Water Temp situ(øC) MIN,20.43,10
61700072,14/02/2011,Cond Comp in æs/cm MAX,2864.0,10
61700072,15/02/2011,Cond Comp in æs/cm MAX,3987.0,10
61700072,16/02/2011,Cond Comp in æs/cm MAX,4202.0,10
61700072,17/02/2011,Cond Comp in æs/cm MAX,4393.0,10
61700072,18/02/2011,Cond Comp in æs/cm MAX,4299.0,10
61700072,19/02/2011,Cond Comp in æs/cm MAX,3742.0,10
61700072,20/02/2011,Cond Comp in æs/cm MAX,3531.0,10
61700072,21/02/2011,Cond Comp in æs/cm MAX,3518.0,10
61700072,22/02/2011,Cond Comp in æs/cm MAX,3508.0,10
61700072,23/02/2011,Cond Comp in æs/cm MAX,3469.0,10
61700072,24/02/2011,Cond Comp in æs/cm MAX,3426.0,10
61700072,25/02/2011,Cond Comp in æs/cm MAX,3753.0,10
61700072,26/02/2011,Cond Comp in æs/cm MAX,3789.0,10
61700072,27/02/2011,Cond Comp in æs/cm MAX,3811.0,10
61700072,28/02/2011,Cond Comp in æs/cm MAX,3413.0,10
61700072,1/03/2011,Cond Comp in æs/cm MAX,3388.0,10
61700072,2/03/2011,Cond Comp in æs/cm MAX,3366.0,10
61700072,5/07/2011,Cond Comp in æs/cm MAX,2825.0,10
61700072,6/07/2011,Cond Comp in æs/cm MAX,2805.0,10
61700072,7/07/2011,Cond Comp in æs/cm MAX,2858.0,10
61700072,8/07/2011,Cond Comp in æs/cm MAX,3211.0,10
61700072,9/07/2011,Cond Comp in æs/cm MAX,3395.0,10
61700072,10/07/2011,Cond Comp in æs/cm MAX,3535.0,10
61700072,11/07/2011,Cond Comp in æs/cm MAX,3996.0,10
61700072,12/07/2011,Cond Comp in æs/cm MAX,4136.0,10
61700072,13/07/2011,Cond Comp in æs/cm MAX,4169.0,10
61700072,14/07/2011,Cond Comp in æs/cm MAX,4138.0,10
61700072,15/07/2011,Cond Comp in æs/cm MAX,4279.0,10
61700072,16/07/2011,Cond Comp in æs/cm MAX,3443.0,10
61700072,17/07/2011,Cond Comp in æs/cm MAX,3294.0,10
61700072,18/07/2011,Cond Comp in æs/cm MAX,3391.0,10
61700072,19/07/2011,Cond Comp in æs/cm MAX,3252.0,10
61700072,20/07/2011,Cond Comp in æs/cm MAX,3146.0,10
61700072,21/07/2011,Cond Comp in æs/cm MAX,2975.0,10
61700072,22/07/2011,Cond Comp in æs/cm MAX,3158.0,10
61700072,23/07/2011,Cond Comp in æs/cm MAX,3138.0,10
61700072,24/07/2011,Cond Comp in æs/cm MAX,3161.0,10
61700072,25/07/2011,Cond Comp in æs/cm MAX,3431.0,10
61700072,26/07/2011,Cond Comp in æs/cm MAX,3592.0,10
61700072,27/07/2011,Cond Comp in æs/cm MAX,3561.0,10
61700072,28/07/2011,Cond Comp in æs/cm MAX,4498.0,10
61700072,29/07/2011,Cond Comp in æs/cm MAX,3810.0,10
61700072,30/07/2011,Cond Comp in æs/cm MAX,3554.0,10
61700072,31/07/2011,Cond Comp in æs/cm MAX,3942.0,10
61700072,1/08/2011,Cond Comp in æs/cm MAX,3642.0,10
61700072,2/08/2011,Cond Comp in æs/cm MAX,3298.0,10
61700072,3/08/2011,Cond Comp in æs/cm MAX,2413.0,10
61700072,4/08/2011,Cond Comp in æs/cm MAX,2161.0,10
61700072,5/08/2011,Cond Comp in æs/cm MAX,2582.0,10
61700072,6/08/2011,Cond Comp in æs/cm MAX,3197.0,10
61700072,7/08/2011,Cond Comp in æs/cm MAX,3510.0,10
61700072,8/08/2011,Cond Comp in æs/cm MAX,3263.0,10
61700072,9/08/2011,Cond Comp in æs/cm MAX,3049.0,10
61700072,10/08/2011,Cond Comp in æs/cm MAX,2899.0,10
61700072,11/08/2011,Cond Comp in æs/cm MAX,2986.0,10
61700072,12/08/2011,Cond Comp in æs/cm MAX,3138.0,10
61700072,13/08/2011,Cond Comp in æs/cm MAX,3334.0,10
61700072,14/08/2011,Cond Comp in æs/cm MAX,3464.0,10
61700072,15/08/2011,Cond Comp in æs/cm MAX,3055.0,10
61700072,16/08/2011,Cond Comp in æs/cm MAX,2625.0,10
61700072,17/08/2011,Cond Comp in æs/cm MAX,2144.0,10
61700072,18/08/2011,Cond Comp in æs/cm MAX,2681.0,10
61700072,19/08/2011,Cond Comp in æs/cm MAX,3061.0,10
61700072,20/08/2011,Cond Comp in æs/cm MAX,3158.0,10
61700072,21/08/2011,Cond Comp in æs/cm MAX,3266.0,10
61700072,22/08/2011,Cond Comp in æs/cm MAX,3602.0,10
61700072,23/08/2011,Cond Comp in æs/cm MAX,2694.0,10
61700072,24/08/2011,Cond Comp in æs/cm MAX,2923.0,10
61700072,25/08/2011,Cond Comp in æs/cm MAX,2652.0,10
61700072,26/08/2011,Cond Comp in æs/cm MAX,2794.0,10
61700072,27/08/2011,Cond Comp in æs/cm MAX,2849.0,10
61700072,28/08/2011,Cond Comp in æs/cm MAX,3111.0,10
61700072,29/08/2011,Cond Comp in æs/cm MAX,3178.0,10
61700072,30/08/2011,Cond Comp in æs/cm MAX,3070.0,10
61700072,31/08/2011,Cond Comp in æs/cm MAX,3039.0,10
61700072,1/09/2011,Cond Comp in æs/cm MAX,3449.0,10
61700072,2/09/2011,Cond Comp in æs/cm MAX,3592.0,10
61700072,3/09/2011,Cond Comp in æs/cm MAX,3073.0,10
61700072,4/09/2011,Cond Comp in æs/cm MAX,2747.0,10
61700072,5/09/2011,Cond Comp in æs/cm MAX,2802.0,10
61700072,6/09/2011,Cond Comp in æs/cm MAX,2467.0,10
61700072,7/09/2011,Cond Comp in æs/cm MAX,2108.0,10
61700072,8/09/2011,Cond Comp in æs/cm MAX,2065.0,10
61700072,9/09/2011,Cond Comp in æs/cm MAX,2109.0,10
61700072,10/09/2011,Cond Comp in æs/cm MAX,2622.0,10
61700072,11/09/2011,Cond Comp in æs/cm MAX,2929.0,10
61700072,12/09/2011,Cond Comp in æs/cm MAX,3212.0,10
61700072,13/09/2011,Cond Comp in æs/cm MAX,3168.0,10
61700072,14/09/2011,Cond Comp in æs/cm MAX,3405.0,10
61700072,15/09/2011,Cond Comp in æs/cm MAX,3460.0,10
61700072,16/09/2011,Cond Comp in æs/cm MAX,3504.0,10
61700072,17/09/2011,Cond Comp in æs/cm MAX,3527.0,10
61700072,18/09/2011,Cond Comp in æs/cm MAX,3647.0,10
61700072,19/09/2011,Cond Comp in æs/cm MAX,3203.0,10
61700072,20/09/2011,Cond Comp in æs/cm MAX,2633.0,10
61700072,21/09/2011,Cond Comp in æs/cm MAX,2801.0,10
61700072,22/09/2011,Cond Comp in æs/cm MAX,2737.0,10
61700072,23/09/2011,Cond Comp in æs/cm MAX,2673.0,10
61700072,24/09/2011,Cond Comp in æs/cm MAX,2804.0,10
61700072,25/09/2011,Cond Comp in æs/cm MAX,2816.0,10
61700072,26/09/2011,Cond Comp in æs/cm MAX,3013.0,10
61700072,27/09/2011,Cond Comp in æs/cm MAX,2894.0,10
61700072,28/09/2011,Cond Comp in æs/cm MAX,2916.0,10
61700072,29/09/2011,Cond Comp in æs/cm MAX,3089.0,10
61700072,30/09/2011,Cond Comp in æs/cm MAX,3253.0,10
61700072,1/10/2011,Cond Comp in æs/cm MAX,3352.0,10
61700072,2/10/2011,Cond Comp in æs/cm MAX,3451.0,10
61700072,3/10/2011,Cond Comp in æs/cm MAX,3222.0,10
61700072,4/10/2011,Cond Comp in æs/cm MAX,2658.0,10
61700072,5/10/2011,Cond Comp in æs/cm MAX,2548.0,10
61700072,6/11/2011,Cond Comp in æs/cm MAX,3561.0,10
61700072,15/02/2011,Cond Comp in æs/cm MEAN,3085.0,10
61700072,16/02/2011,Cond Comp in æs/cm MEAN,3251.0,10
61700072,17/02/2011,Cond Comp in æs/cm MEAN,3367.0,10
61700072,18/02/2011,Cond Comp in æs/cm MEAN,3425.0,10
61700072,19/02/2011,Cond Comp in æs/cm MEAN,3274.0,10
61700072,20/02/2011,Cond Comp in æs/cm MEAN,3272.0,10
61700072,21/02/2011,Cond Comp in æs/cm MEAN,3236.0,10
61700072,22/02/2011,Cond Comp in æs/cm MEAN,3062.0,10
61700072,23/02/2011,Cond Comp in æs/cm MEAN,2893.0,10
61700072,24/02/2011,Cond Comp in æs/cm MEAN,2833.0,10
61700072,25/02/2011,Cond Comp in æs/cm MEAN,3133.0,10
61700072,26/02/2011,Cond Comp in æs/cm MEAN,3138.0,10
61700072,27/02/2011,Cond Comp in æs/cm MEAN,3109.0,10
61700072,28/02/2011,Cond Comp in æs/cm MEAN,2908.0,10
61700072,1/03/2011,Cond Comp in æs/cm MEAN,2818.0,10
61700072,2/03/2011,Cond Comp in æs/cm MEAN,2843.0,10
61700072,3/03/2011,Cond Comp in æs/cm MEAN,3045.0,10
61700072,4/03/2011,Cond Comp in æs/cm MEAN,3150.0,10
61700072,5/03/2011,Cond Comp in æs/cm MEAN,2990.0,10
61700072,6/03/2011,Cond Comp in æs/cm MEAN,2822.0,10
61700072,7/03/2011,Cond Comp in æs/cm MEAN,2692.0,10
61700072,8/03/2011,Cond Comp in æs/cm MEAN,2480.0,10
61700072,9/03/2011,Cond Comp in æs/cm MEAN,2563.0,10
61700072,10/03/2011,Cond Comp in æs/cm MEAN,2890.0,10
61700072,11/03/2011,Cond Comp in æs/cm MEAN,2993.0,10
61700072,12/03/2011,Cond Comp in æs/cm MEAN,2707.0,10
61700072,13/03/2011,Cond Comp in æs/cm MEAN,2524.0,10
61700072,14/03/2011,Cond Comp in æs/cm MEAN,2909.0,10
61700072,15/03/2011,Cond Comp in æs/cm MEAN,3143.0,10
61700072,16/03/2011,Cond Comp in æs/cm MEAN,3139.0,10
61700072,17/03/2011,Cond Comp in æs/cm MEAN,3170.0,10
61700072,18/03/2011,Cond Comp in æs/cm MEAN,3069.0,10
61700072,19/03/2011,Cond Comp in æs/cm MEAN,2871.0,10
61700072,20/03/2011,Cond Comp in æs/cm MEAN,2788.0,10
61700072,21/03/2011,Cond Comp in æs/cm MEAN,2879.0,10
61700072,22/03/2011,Cond Comp in æs/cm MEAN,2972.0,10
61700072,23/03/2011,Cond Comp in æs/cm MEAN,2829.0,10
61700072,24/03/2011,Cond Comp in æs/cm MEAN,2822.0,10
61700072,25/03/2011,Cond Comp in æs/cm MEAN,3056.0,10
61700072,26/03/2011,Cond Comp in æs/cm MEAN,3032.0,10
61700072,27/03/2011,Cond Comp in æs/cm MEAN,3019.0,10
61700072,28/03/2011,Cond Comp in æs/cm MEAN,3045.0,10
61700072,29/03/2011,Cond Comp in æs/cm MEAN,2989.0,10
61700072,30/03/2011,Cond Comp in æs/cm MEAN,2987.0,10
61700072,31/03/2011,Cond Comp in æs/cm MEAN,3075.0,10
61700072,1/04/2011,Cond Comp in æs/cm MEAN,3047.0,10
61700072,2/04/2011,Cond Comp in æs/cm MEAN,3128.0,10
61700072,3/04/2011,Cond Comp in æs/cm MEAN,3241.0,10
61700072,4/04/2011,Cond Comp in æs/cm MEAN,3287.0,10
61700072,5/04/2011,Cond Comp in æs/cm MEAN,3420.0,10
61700072,6/04/2011,Cond Comp in æs/cm MEAN,3390.0,10
61700072,7/04/2011,Cond Comp in æs/cm MEAN,3291.0,10
61700072,8/04/2011,Cond Comp in æs/cm MEAN,3017.0,10
61700072,9/04/2011,Cond Comp in æs/cm MEAN,2942.0,10
61700072,10/04/2011,Cond Comp in æs/cm MEAN,3294.0,10
61700072,11/04/2011,Cond Comp in æs/cm MEAN,3358.0,10
61700072,12/04/2011,Cond Comp in æs/cm MEAN,3545.0,10
61700072,13/04/2011,Cond Comp in æs/cm MEAN,3109.0,10
61700072,14/04/2011,Cond Comp in æs/cm MEAN,2952.0,10
61700072,15/04/2011,Cond Comp in æs/cm MEAN,2987.0,10
61700072,16/04/2011,Cond Comp in æs/cm MEAN,3234.0,10
61700072,18/05/2011,Cond Comp in æs/cm MEAN,3228.0,10
61700072,19/05/2011,Cond Comp in æs/cm MEAN,3109.0,10
61700072,20/05/2011,Cond Comp in æs/cm MEAN,3307.0,10
61700072,21/05/2011,Cond Comp in æs/cm MEAN,2682.0,10
61700072,22/05/2011,Cond Comp in æs/cm MEAN,2476.0,10
61700072,23/05/2011,Cond Comp in æs/cm MEAN,2469.0,10
61700072,24/05/2011,Cond Comp in æs/cm MEAN,2772.0,10
61700072,25/05/2011,Cond Comp in æs/cm MEAN,3127.0,10
61700072,26/05/2011,Cond Comp in æs/cm MEAN,3259.0,10
61700072,27/05/2011,Cond Comp in æs/cm MEAN,3274.0,10
61700072,28/05/2011,Cond Comp in æs/cm MEAN,3134.0,10
61700072,29/05/2011,Cond Comp in æs/cm MEAN,3251.0,10
61700072,30/05/2011,Cond Comp in æs/cm MEAN,3476.0,10
61700072,31/05/2011,Cond Comp in æs/cm MEAN,3137.0,10
61700072,1/06/2011,Cond Comp in æs/cm MEAN,3202.0,10
61700072,2/06/2011,Cond Comp in æs/cm MEAN,3050.0,10
61700072,3/06/2011,Cond Comp in æs/cm MEAN,2841.0,10
61700072,4/06/2011,Cond Comp in æs/cm MEAN,2801.0,10
61700072,5/06/2011,Cond Comp in æs/cm MEAN,2921.0,10
61700072,6/06/2011,Cond Comp in æs/cm MEAN,2875.0,10
61700072,7/06/2011,Cond Comp in æs/cm MEAN,2704.0,10
61700072,8/06/2011,Cond Comp in æs/cm MEAN,2756.0,10
61700072,9/06/2011,Cond Comp in æs/cm MEAN,2906.0,10
61700072,10/06/2011,Cond Comp in æs/cm MEAN,3034.0,10
61700072,11/06/2011,Cond Comp in æs/cm MEAN,3130.0,10
61700072,12/06/2011,Cond Comp in æs/cm MEAN,3084.0,10
61700072,13/06/2011,Cond Comp in æs/cm MEAN,3123.0,10
61700072,14/06/2011,Cond Comp in æs/cm MEAN,3357.0,10
61700072,15/06/2011,Cond Comp in æs/cm MEAN,3237.0,10
61700072,16/06/2011,Cond Comp in æs/cm MEAN,2899.0,10
61700072,17/06/2011,Cond Comp in æs/cm MEAN,2904.0,10
61700072,19/07/2011,Cond Comp in æs/cm MEAN,2715.0,10
61700072,20/07/2011,Cond Comp in æs/cm MEAN,2713.0,10
61700072,21/07/2011,Cond Comp in æs/cm MEAN,2687.0,10
61700072,22/07/2011,Cond Comp in æs/cm MEAN,2602.0,10
61700072,23/07/2011,Cond Comp in æs/cm MEAN,2482.0,10
61700072,24/07/2011,Cond Comp in æs/cm MEAN,2478.0,10
61700072,25/07/2011,Cond Comp in æs/cm MEAN,2689.0,10
61700072,26/07/2011,Cond Comp in æs/cm MEAN,2761.0,10
61700072,27/07/2011,Cond Comp in æs/cm MEAN,2778.0,10
61700072,28/07/2011,Cond Comp in æs/cm MEAN,3337.0,10
61700072,29/07/2011,Cond Comp in æs/cm MEAN,2946.0,10
61700072,30/07/2011,Cond Comp in æs/cm MEAN,2756.0,10
61700072,31/07/2011,Cond Comp in æs/cm MEAN,2952.0,10
61700072,1/08/2011,Cond Comp in æs/cm MEAN,2851.0,10
61700072,2/08/2011,Cond Comp in æs/cm MEAN,2717.0,10
61700072,3/08/2011,Cond Comp in æs/cm MEAN,2275.0,10
61700072,4/08/2011,Cond Comp in æs/cm MEAN,2108.0,10
61700072,5/08/2011,Cond Comp in æs/cm MEAN,2172.0,10
61700072,6/08/2011,Cond Comp in æs/cm MEAN,2455.0,10
61700072,7/08/2011,Cond Comp in æs/cm MEAN,2597.0,10
61700072,8/08/2011,Cond Comp in æs/cm MEAN,2524.0,10
61700072,9/08/2011,Cond Comp in æs/cm MEAN,2429.0,10
61700072,10/08/2011,Cond Comp in æs/cm MEAN,2332.0,10
61700072,11/08/2011,Cond Comp in æs/cm MEAN,2362.0,10
61700072,12/08/2011,Cond Comp in æs/cm MEAN,2426.0,10
61700072,13/08/2011,Cond Comp in æs/cm MEAN,2566.0,10
61700072,14/08/2011,Cond Comp in æs/cm MEAN,2667.0,10
61700072,15/08/2011,Cond Comp in æs/cm MEAN,2434.0,10
61700072,16/08/2011,Cond Comp in æs/cm MEAN,2234.0,10
61700072,17/08/2011,Cond Comp in æs/cm MEAN,2081.0,10
61700072,18/08/2011,Cond Comp in æs/cm MEAN,2154.0,10
61700072,30/03/2011,Cond Comp in æs/cm MIN,2615.0,10
61700072,31/03/2011,Cond Comp in æs/cm MIN,2697.0,10
61700072,1/04/2011,Cond Comp in æs/cm MIN,2819.0,10
61700072,2/04/2011,Cond Comp in æs/cm MIN,2962.0,10
61700072,3/04/2011,Cond Comp in æs/cm MIN,3064.0,10
61700072,4/04/2011,Cond Comp in æs/cm MIN,2753.0,10
61700072,5/04/2011,Cond Comp in æs/cm MIN,3291.0,10
61700072,6/04/2011,Cond Comp in æs/cm MIN,3199.0,10
61700072,7/04/2011,Cond Comp in æs/cm MIN,3012.0,10
61700072,8/04/2011,Cond Comp in æs/cm MIN,2759.0,10
61700072,9/04/2011,Cond Comp in æs/cm MIN,2693.0,10
61700072,10/04/2011,Cond Comp in æs/cm MIN,2870.0,10
61700072,11/04/2011,Cond Comp in æs/cm MIN,2870.0,10
61700072,12/04/2011,Cond Comp in æs/cm MIN,2796.0,10
61700072,13/04/2011,Cond Comp in æs/cm MIN,2677.0,10
61700072,14/04/2011,Cond Comp in æs/cm MIN,2561.0,10
61700072,15/04/2011,Cond Comp in æs/cm MIN,2506.0,10
61700072,16/04/2011,Cond Comp in æs/cm MIN,2866.0,10
61700072,17/04/2011,Cond Comp in æs/cm MIN,2753.0,10
61700072,18/04/2011,Cond Comp in æs/cm MIN,2513.0,10
61700072,19/04/2011,Cond Comp in æs/cm MIN,2329.0,10
61700072,20/04/2011,Cond Comp in æs/cm MIN,2297.0,10
61700072,21/04/2011,Cond Comp in æs/cm MIN,2355.0,10
61700072,22/04/2011,Cond Comp in æs/cm MIN,2517.0,10
61700072,23/04/2011,Cond Comp in æs/cm MIN,2890.0,10
61700072,24/04/2011,Cond Comp in æs/cm MIN,2985.0,10
61700072,25/04/2011,Cond Comp in æs/cm MIN,2857.0,10
61700072,26/04/2011,Cond Comp in æs/cm MIN,2954.0,10
61700072,27/04/2011,Cond Comp in æs/cm MIN,3148.0,10
61700072,28/04/2011,Cond Comp in æs/cm MIN,2900.0,10
61700072,29/04/2011,Cond Comp in æs/cm MIN,2793.0,10
61700072,1/08/2011,Cond Comp in æs/cm MIN,2437.0,10
61700072,2/08/2011,Cond Comp in æs/cm MIN,2352.0,10
61700072,3/08/2011,Cond Comp in æs/cm MIN,2157.0,10
61700072,4/08/2011,Cond Comp in æs/cm MIN,2060.0,10
61700072,5/08/2011,Cond Comp in æs/cm MIN,2040.0,10
61700072,6/08/2011,Cond Comp in æs/cm MIN,2107.0,10
61700072,7/08/2011,Cond Comp in æs/cm MIN,2128.0,10
61700072,8/08/2011,Cond Comp in æs/cm MIN,2140.0,10
61700072,9/08/2011,Cond Comp in æs/cm MIN,2086.0,10
61700072,10/08/2011,Cond Comp in æs/cm MIN,2087.0,10
61700072,11/08/2011,Cond Comp in æs/cm MIN,2087.0,10
61700072,12/08/2011,Cond Comp in æs/cm MIN,2119.0,10
61700072,13/08/2011,Cond Comp in æs/cm MIN,2178.0,10
61700072,14/08/2011,Cond Comp in æs/cm MIN,2254.0,10
61700072,15/08/2011,Cond Comp in æs/cm MIN,2223.0,10
61700072,16/08/2011,Cond Comp in æs/cm MIN,2091.0,10
61700072,17/08/2011,Cond Comp in æs/cm MIN,2047.0,10
61700072,18/08/2011,Cond Comp in æs/cm MIN,2062.0,10
61700072,19/08/2011,Cond Comp in æs/cm MIN,2085.0,10
61700072,20/08/2011,Cond Comp in æs/cm MIN,2117.0,10
61700072,21/08/2011,Cond Comp in æs/cm MIN,2151.0,10
61700072,22/08/2011,Cond Comp in æs/cm MIN,2192.0,10
61700072,23/08/2011,Cond Comp in æs/cm MIN,2107.0,10
61700072,24/08/2011,Cond Comp in æs/cm MIN,2083.0,10
61700072,25/08/2011,Cond Comp in æs/cm MIN,2052.0,10
61700072,26/08/2011,Cond Comp in æs/cm MIN,2053.0,10
61700072,27/08/2011,Cond Comp in æs/cm MIN,2074.0,10
61700072,28/08/2011,Cond Comp in æs/cm MIN,2121.0,10
61700072,29/08/2011,Cond Comp in æs/cm MIN,2179.0,10
61700072,30/08/2011,Cond Comp in æs/cm MIN,2257.0,10
61700072,31/08/2011,Cond Comp in æs/cm MIN,2277.0,10
61700072,17/04/2011,Cond Comp in æs/cm MEAN,3190.0,10
61700072,18/04/2011,Cond Comp in æs/cm MEAN,3037.0,10
61700072,19/04/2011,Cond Comp in æs/cm MEAN,2915.0,10
61700072,20/04/2011,Cond Comp in æs/cm MEAN,2876.0,10
61700072,21/04/2011,Cond Comp in æs/cm MEAN,2960.0,10
61700072,22/04/2011,Cond Comp in æs/cm MEAN,3380.0,10
61700072,23/04/2011,Cond Comp in æs/cm MEAN,3517.0,10
61700072,24/04/2011,Cond Comp in æs/cm MEAN,3430.0,10
61700072,25/04/2011,Cond Comp in æs/cm MEAN,3263.0,10
61700072,26/04/2011,Cond Comp in æs/cm MEAN,3303.0,10
61700072,27/04/2011,Cond Comp in æs/cm MEAN,3374.0,10
61700072,28/04/2011,Cond Comp in æs/cm MEAN,3182.0,10
61700072,29/04/2011,Cond Comp in æs/cm MEAN,3020.0,10
61700072,30/04/2011,Cond Comp in æs/cm MEAN,2895.0,10
61700072,1/05/2011,Cond Comp in æs/cm MEAN,2820.0,10
61700072,2/05/2011,Cond Comp in æs/cm MEAN,2978.0,10
61700072,3/05/2011,Cond Comp in æs/cm MEAN,3137.0,10
61700072,4/05/2011,Cond Comp in æs/cm MEAN,3249.0,10
61700072,5/05/2011,Cond Comp in æs/cm MEAN,3261.0,10
61700072,6/05/2011,Cond Comp in æs/cm MEAN,3083.0,10
61700072,7/05/2011,Cond Comp in æs/cm MEAN,2928.0,10
61700072,8/05/2011,Cond Comp in æs/cm MEAN,3294.0,10
61700072,9/05/2011,Cond Comp in æs/cm MEAN,3230.0,10
61700072,10/05/2011,Cond Comp in æs/cm MEAN,3173.0,10
61700072,11/05/2011,Cond Comp in æs/cm MEAN,3107.0,10
61700072,12/05/2011,Cond Comp in æs/cm MEAN,3167.0,10
61700072,13/05/2011,Cond Comp in æs/cm MEAN,3316.0,10
61700072,14/05/2011,Cond Comp in æs/cm MEAN,3400.0,10
61700072,15/05/2011,Cond Comp in æs/cm MEAN,3486.0,10
61700072,16/05/2011,Cond Comp in æs/cm MEAN,3717.0,10
61700072,17/05/2011,Cond Comp in æs/cm MEAN,3581.0,10
61700072,18/06/2011,Cond Comp in æs/cm MEAN,2927.0,10
61700072,19/06/2011,Cond Comp in æs/cm MEAN,2885.0,10
61700072,20/06/2011,Cond Comp in æs/cm MEAN,2926.0,10
61700072,21/06/2011,Cond Comp in æs/cm MEAN,2753.0,10
61700072,22/06/2011,Cond Comp in æs/cm MEAN,2874.0,10
61700072,23/06/2011,Cond Comp in æs/cm MEAN,3119.0,10
61700072,24/06/2011,Cond Comp in æs/cm MEAN,3360.0,10
61700072,25/06/2011,Cond Comp in æs/cm MEAN,3124.0,10
61700072,26/06/2011,Cond Comp in æs/cm MEAN,2775.0,10
61700072,27/06/2011,Cond Comp in æs/cm MEAN,3001.0,10
61700072,28/06/2011,Cond Comp in æs/cm MEAN,3414.0,10
61700072,29/06/2011,Cond Comp in æs/cm MEAN,3032.0,10
61700072,30/06/2011,Cond Comp in æs/cm MEAN,3038.0,10
61700072,1/07/2011,Cond Comp in æs/cm MEAN,2859.0,10
61700072,2/07/2011,Cond Comp in æs/cm MEAN,2705.0,10
61700072,3/07/2011,Cond Comp in æs/cm MEAN,2624.0,10
61700072,4/07/2011,Cond Comp in æs/cm MEAN,2410.0,10
61700072,5/07/2011,Cond Comp in æs/cm MEAN,2259.0,10
61700072,6/07/2011,Cond Comp in æs/cm MEAN,2310.0,10
61700072,7/07/2011,Cond Comp in æs/cm MEAN,2580.0,10
61700072,8/07/2011,Cond Comp in æs/cm MEAN,2634.0,10
61700072,9/07/2011,Cond Comp in æs/cm MEAN,2596.0,10
61700072,10/07/2011,Cond Comp in æs/cm MEAN,2741.0,10
61700072,11/07/2011,Cond Comp in æs/cm MEAN,3023.0,10
61700072,12/07/2011,Cond Comp in æs/cm MEAN,3068.0,10
61700072,13/07/2011,Cond Comp in æs/cm MEAN,3079.0,10
61700072,14/07/2011,Cond Comp in æs/cm MEAN,3086.0,10
61700072,15/07/2011,Cond Comp in æs/cm MEAN,3187.0,10
61700072,16/07/2011,Cond Comp in æs/cm MEAN,2799.0,10
61700072,17/07/2011,Cond Comp in æs/cm MEAN,2671.0,10
61700072,18/07/2011,Cond Comp in æs/cm MEAN,2731.0,10
61700072,19/08/2011,Cond Comp in æs/cm MEAN,2312.0,10
61700072,20/08/2011,Cond Comp in æs/cm MEAN,2417.0,10
61700072,21/08/2011,Cond Comp in æs/cm MEAN,2569.0,10
61700072,22/08/2011,Cond Comp in æs/cm MEAN,2681.0,10
61700072,23/08/2011,Cond Comp in æs/cm MEAN,2305.0,10
61700072,24/08/2011,Cond Comp in æs/cm MEAN,2364.0,10
61700072,25/08/2011,Cond Comp in æs/cm MEAN,2235.0,10
61700072,26/08/2011,Cond Comp in æs/cm MEAN,2270.0,10
61700072,27/08/2011,Cond Comp in æs/cm MEAN,2281.0,10
61700072,28/08/2011,Cond Comp in æs/cm MEAN,2395.0,10
61700072,29/08/2011,Cond Comp in æs/cm MEAN,2466.0,10
61700072,30/08/2011,Cond Comp in æs/cm MEAN,2504.0,10
61700072,31/08/2011,Cond Comp in æs/cm MEAN,2489.0,10
61700072,1/09/2011,Cond Comp in æs/cm MEAN,2627.0,10
61700072,2/09/2011,Cond Comp in æs/cm MEAN,2655.0,10
61700072,3/09/2011,Cond Comp in æs/cm MEAN,2404.0,10
61700072,4/09/2011,Cond Comp in æs/cm MEAN,2321.0,10
61700072,5/09/2011,Cond Comp in æs/cm MEAN,2330.0,10
61700072,6/09/2011,Cond Comp in æs/cm MEAN,2167.0,10
61700072,7/09/2011,Cond Comp in æs/cm MEAN,2034.0,10
61700072,8/09/2011,Cond Comp in æs/cm MEAN,2015.0,10
61700072,9/09/2011,Cond Comp in æs/cm MEAN,2059.0,10
61700072,10/09/2011,Cond Comp in æs/cm MEAN,2241.0,10
61700072,11/09/2011,Cond Comp in æs/cm MEAN,2477.0,10
61700072,12/09/2011,Cond Comp in æs/cm MEAN,2715.0,10
61700072,13/09/2011,Cond Comp in æs/cm MEAN,2689.0,10
61700072,14/09/2011,Cond Comp in æs/cm MEAN,2692.0,10
61700072,15/09/2011,Cond Comp in æs/cm MEAN,2775.0,10
61700072,16/09/2011,Cond Comp in æs/cm MEAN,2822.0,10
61700072,17/09/2011,Cond Comp in æs/cm MEAN,2778.0,10
61700072,18/09/2011,Cond Comp in æs/cm MEAN,2973.0,10
61700072,19/09/2011,Cond Comp in æs/cm MEAN,2586.0,10
61700072,20/09/2011,Cond Comp in æs/cm MEAN,2395.0,10
61700072,21/09/2011,Cond Comp in æs/cm MEAN,2460.0,10
61700072,22/09/2011,Cond Comp in æs/cm MEAN,2405.0,10
61700072,23/09/2011,Cond Comp in æs/cm MEAN,2356.0,10
61700072,24/09/2011,Cond Comp in æs/cm MEAN,2391.0,10
61700072,25/09/2011,Cond Comp in æs/cm MEAN,2381.0,10
61700072,26/09/2011,Cond Comp in æs/cm MEAN,2502.0,10
61700072,27/09/2011,Cond Comp in æs/cm MEAN,2526.0,10
61700072,28/09/2011,Cond Comp in æs/cm MEAN,2376.0,10
61700072,29/09/2011,Cond Comp in æs/cm MEAN,2427.0,10
61700072,30/09/2011,Cond Comp in æs/cm MEAN,2510.0,10
61700072,1/10/2011,Cond Comp in æs/cm MEAN,2666.0,10
61700072,2/10/2011,Cond Comp in æs/cm MEAN,2715.0,10
61700072,3/10/2011,Cond Comp in æs/cm MEAN,2567.0,10
61700072,4/10/2011,Cond Comp in æs/cm MEAN,2360.0,10
61700072,5/10/2011,Cond Comp in æs/cm MEAN,2335.0,10
61700072,6/10/2011,Cond Comp in æs/cm MEAN,2427.0,10
61700072,7/10/2011,Cond Comp in æs/cm MEAN,2508.0,10
61700072,8/10/2011,Cond Comp in æs/cm MEAN,2689.0,10
61700072,9/10/2011,Cond Comp in æs/cm MEAN,2605.0,10
61700072,10/10/2011,Cond Comp in æs/cm MEAN,2515.0,10
61700072,11/10/2011,Cond Comp in æs/cm MEAN,2617.0,10
61700072,12/10/2011,Cond Comp in æs/cm MEAN,2509.0,10
61700072,13/10/2011,Cond Comp in æs/cm MEAN,2598.0,10
61700072,14/10/2011,Cond Comp in æs/cm MEAN,2429.0,10
61700072,15/10/2011,Cond Comp in æs/cm MEAN,2360.0,10
61700072,16/10/2011,Cond Comp in æs/cm MEAN,2566.0,10
61700072,17/10/2011,Cond Comp in æs/cm MEAN,2592.0,10
61700072,18/10/2011,Cond Comp in æs/cm MEAN,2639.0,10
61700072,19/10/2011,Cond Comp in æs/cm MEAN,2460.0,10
61700072,20/10/2011,Cond Comp in æs/cm MEAN,2369.0,10
61700072,21/10/2011,Cond Comp in æs/cm MEAN,2528.0,10
61700072,22/10/2011,Cond Comp in æs/cm MEAN,2866.0,10
61700072,23/10/2011,Cond Comp in æs/cm MEAN,2919.0,10
61700072,24/10/2011,Cond Comp in æs/cm MEAN,2901.0,10
61700072,25/10/2011,Cond Comp in æs/cm MEAN,3059.0,10
61700072,26/10/2011,Cond Comp in æs/cm MEAN,3047.0,10
61700072,27/10/2011,Cond Comp in æs/cm MEAN,2914.0,10
61700072,28/10/2011,Cond Comp in æs/cm MEAN,2618.0,10
61700072,29/10/2011,Cond Comp in æs/cm MEAN,2465.0,10
61700072,30/10/2011,Cond Comp in æs/cm MEAN,2384.0,10
61700072,31/10/2011,Cond Comp in æs/cm MEAN,2362.0,10
61700072,1/11/2011,Cond Comp in æs/cm MEAN,2519.0,10
61700072,2/11/2011,Cond Comp in æs/cm MEAN,2773.0,10
61700072,3/11/2011,Cond Comp in æs/cm MEAN,3090.0,10
61700072,4/11/2011,Cond Comp in æs/cm MEAN,3072.0,10
61700072,5/11/2011,Cond Comp in æs/cm MEAN,3078.0,10
61700072,6/11/2011,Cond Comp in æs/cm MEAN,3082.0,10
61700072,14/02/2011,Cond Comp in æs/cm MIN,2251.0,10
61700072,15/02/2011,Cond Comp in æs/cm MIN,2259.0,10
61700072,16/02/2011,Cond Comp in æs/cm MIN,2517.0,10
61700072,17/02/2011,Cond Comp in æs/cm MIN,2632.0,10
61700072,18/02/2011,Cond Comp in æs/cm MIN,2869.0,10
61700072,19/02/2011,Cond Comp in æs/cm MIN,2923.0,10
61700072,20/02/2011,Cond Comp in æs/cm MIN,2969.0,10
61700072,21/02/2011,Cond Comp in æs/cm MIN,3050.0,10
61700072,22/02/2011,Cond Comp in æs/cm MIN,2660.0,10
61700072,23/02/2011,Cond Comp in æs/cm MIN,2278.0,10
61700072,24/02/2011,Cond Comp in æs/cm MIN,2257.0,10
61700072,25/02/2011,Cond Comp in æs/cm MIN,2435.0,10
61700072,26/02/2011,Cond Comp in æs/cm MIN,2369.0,10
61700072,27/02/2011,Cond Comp in æs/cm MIN,2454.0,10
61700072,28/02/2011,Cond Comp in æs/cm MIN,2393.0,10
61700072,1/03/2011,Cond Comp in æs/cm MIN,2399.0,10
61700072,2/03/2011,Cond Comp in æs/cm MIN,2417.0,10
61700072,3/03/2011,Cond Comp in æs/cm MIN,2473.0,10
61700072,4/03/2011,Cond Comp in æs/cm MIN,2708.0,10
61700072,5/03/2011,Cond Comp in æs/cm MIN,2617.0,10
61700072,6/03/2011,Cond Comp in æs/cm MIN,2450.0,10
61700072,7/03/2011,Cond Comp in æs/cm MIN,2182.0,10
61700072,8/03/2011,Cond Comp in æs/cm MIN,2008.0,10
61700072,9/03/2011,Cond Comp in æs/cm MIN,2033.0,10
61700072,10/03/2011,Cond Comp in æs/cm MIN,2561.0,10
61700072,11/03/2011,Cond Comp in æs/cm MIN,2419.0,10
61700072,12/03/2011,Cond Comp in æs/cm MIN,2018.0,10
61700072,13/03/2011,Cond Comp in æs/cm MIN,2030.0,10
61700072,14/03/2011,Cond Comp in æs/cm MIN,2202.0,10
61700072,15/03/2011,Cond Comp in æs/cm MIN,2496.0,10
61700072,16/03/2011,Cond Comp in æs/cm MIN,2598.0,10
61700072,17/03/2011,Cond Comp in æs/cm MIN,2685.0,10
61700072,18/03/2011,Cond Comp in æs/cm MIN,2608.0,10
61700072,19/03/2011,Cond Comp in æs/cm MIN,2572.0,10
61700072,20/03/2011,Cond Comp in æs/cm MIN,2467.0,10
61700072,21/03/2011,Cond Comp in æs/cm MIN,2535.0,10
61700072,22/03/2011,Cond Comp in æs/cm MIN,2577.0,10
61700072,23/03/2011,Cond Comp in æs/cm MIN,2365.0,10
61700072,24/03/2011,Cond Comp in æs/cm MIN,2397.0,10
61700072,25/03/2011,Cond Comp in æs/cm MIN,2497.0,10
61700072,26/03/2011,Cond Comp in æs/cm MIN,2523.0,10
61700072,27/03/2011,Cond Comp in æs/cm MIN,2577.0,10
61700072,28/03/2011,Cond Comp in æs/cm MIN,2657.0,10
61700072,29/03/2011,Cond Comp in æs/cm MIN,2558.0,10
61700072,30/04/2011,Cond Comp in æs/cm MIN,2589.0,10
61700072,1/05/2011,Cond Comp in æs/cm MIN,2405.0,10
61700072,2/05/2011,Cond Comp in æs/cm MIN,2499.0,10
61700072,3/05/2011,Cond Comp in æs/cm MIN,2670.0,10
61700072,4/05/2011,Cond Comp in æs/cm MIN,2756.0,10
61700072,5/05/2011,Cond Comp in æs/cm MIN,2786.0,10
61700072,6/05/2011,Cond Comp in æs/cm MIN,2516.0,10
61700072,7/05/2011,Cond Comp in æs/cm MIN,2520.0,10
61700072,8/05/2011,Cond Comp in æs/cm MIN,2619.0,10
61700072,9/05/2011,Cond Comp in æs/cm MIN,2626.0,10
61700072,10/05/2011,Cond Comp in æs/cm MIN,2626.0,10
61700072,11/05/2011,Cond Comp in æs/cm MIN,2668.0,10
61700072,12/05/2011,Cond Comp in æs/cm MIN,2669.0,10
61700072,13/05/2011,Cond Comp in æs/cm MIN,2979.0,10
61700072,14/05/2011,Cond Comp in æs/cm MIN,3127.0,10
61700072,15/05/2011,Cond Comp in æs/cm MIN,3071.0,10
61700072,16/05/2011,Cond Comp in æs/cm MIN,3166.0,10
61700072,17/05/2011,Cond Comp in æs/cm MIN,2907.0,10
61700072,18/05/2011,Cond Comp in æs/cm MIN,2577.0,10
61700072,19/05/2011,Cond Comp in æs/cm MIN,2556.0,10
61700072,20/05/2011,Cond Comp in æs/cm MIN,2491.0,10
61700072,21/05/2011,Cond Comp in æs/cm MIN,2044.0,10
61700072,22/05/2011,Cond Comp in æs/cm MIN,2012.0,10
61700072,23/05/2011,Cond Comp in æs/cm MIN,2013.0,10
61700072,24/05/2011,Cond Comp in æs/cm MIN,2185.0,10
61700072,25/05/2011,Cond Comp in æs/cm MIN,2603.0,10
61700072,26/05/2011,Cond Comp in æs/cm MIN,2796.0,10
61700072,27/05/2011,Cond Comp in æs/cm MIN,2924.0,10
61700072,28/05/2011,Cond Comp in æs/cm MIN,2793.0,10
61700072,29/05/2011,Cond Comp in æs/cm MIN,2835.0,10
61700072,30/05/2011,Cond Comp in æs/cm MIN,2887.0,10
61700072,31/05/2011,Cond Comp in æs/cm MIN,2629.0,10
61700072,1/06/2011,Cond Comp in æs/cm MIN,2684.0,10
61700072,2/06/2011,Cond Comp in æs/cm MIN,2405.0,10
61700072,3/06/2011,Cond Comp in æs/cm MIN,2235.0,10
61700072,4/06/2011,Cond Comp in æs/cm MIN,2278.0,10
61700072,5/06/2011,Cond Comp in æs/cm MIN,2364.0,10
61700072,6/06/2011,Cond Comp in æs/cm MIN,2332.0,10
61700072,7/06/2011,Cond Comp in æs/cm MIN,2333.0,10
61700072,8/06/2011,Cond Comp in æs/cm MIN,2345.0,10
61700072,9/06/2011,Cond Comp in æs/cm MIN,2474.0,10
61700072,10/06/2011,Cond Comp in æs/cm MIN,2590.0,10
61700072,11/06/2011,Cond Comp in æs/cm MIN,2815.0,10
61700072,12/06/2011,Cond Comp in æs/cm MIN,2611.0,10
61700072,13/06/2011,Cond Comp in æs/cm MIN,2579.0,10
61700072,14/06/2011,Cond Comp in æs/cm MIN,2642.0,10
61700072,15/06/2011,Cond Comp in æs/cm MIN,2514.0,10
61700072,16/06/2011,Cond Comp in æs/cm MIN,2206.0,10
61700072,17/06/2011,Cond Comp in æs/cm MIN,2334.0,10
61700072,18/06/2011,Cond Comp in æs/cm MIN,2357.0,10
61700072,19/06/2011,Cond Comp in æs/cm MIN,2453.0,10
61700072,20/06/2011,Cond Comp in æs/cm MIN,2454.0,10
61700072,21/06/2011,Cond Comp in æs/cm MIN,2433.0,10
61700072,22/06/2011,Cond Comp in æs/cm MIN,2487.0,10
61700072,23/06/2011,Cond Comp in æs/cm MIN,2786.0,10
61700072,24/06/2011,Cond Comp in æs/cm MIN,3108.0,10
61700072,25/06/2011,Cond Comp in æs/cm MIN,2616.0,10
61700072,26/06/2011,Cond Comp in æs/cm MIN,2243.0,10
61700072,27/06/2011,Cond Comp in æs/cm MIN,2510.0,10
61700072,28/06/2011,Cond Comp in æs/cm MIN,2841.0,10
61700072,29/06/2011,Cond Comp in æs/cm MIN,2298.0,10
61700072,30/06/2011,Cond Comp in æs/cm MIN,2437.0,10
61700072,1/07/2011,Cond Comp in æs/cm MIN,2194.0,10
61700072,2/07/2011,Cond Comp in æs/cm MIN,2140.0,10
61700072,3/07/2011,Cond Comp in æs/cm MIN,2056.0,10
61700072,4/07/2011,Cond Comp in æs/cm MIN,2003.0,10
61700072,5/07/2011,Cond Comp in æs/cm MIN,1972.0,10
61700072,6/07/2011,Cond Comp in æs/cm MIN,1982.0,10
61700072,7/07/2011,Cond Comp in æs/cm MIN,2195.0,10
61700072,8/07/2011,Cond Comp in æs/cm MIN,2227.0,10
61700072,9/07/2011,Cond Comp in æs/cm MIN,2040.0,10
61700072,10/07/2011,Cond Comp in æs/cm MIN,2061.0,10
61700072,11/07/2011,Cond Comp in æs/cm MIN,2349.0,10
61700072,12/07/2011,Cond Comp in æs/cm MIN,2392.0,10
61700072,13/07/2011,Cond Comp in æs/cm MIN,2448.0,10
61700072,14/07/2011,Cond Comp in æs/cm MIN,2452.0,10
61700072,15/07/2011,Cond Comp in æs/cm MIN,2578.0,10
61700072,16/07/2011,Cond Comp in æs/cm MIN,2314.0,10
61700072,17/07/2011,Cond Comp in æs/cm MIN,2261.0,10
61700072,18/07/2011,Cond Comp in æs/cm MIN,2262.0,10
61700072,19/07/2011,Cond Comp in æs/cm MIN,2273.0,10
61700072,20/07/2011,Cond Comp in æs/cm MIN,2210.0,10
61700072,21/07/2011,Cond Comp in æs/cm MIN,2179.0,10
61700072,22/07/2011,Cond Comp in æs/cm MIN,2126.0,10
61700072,23/07/2011,Cond Comp in æs/cm MIN,2084.0,10
61700072,24/07/2011,Cond Comp in æs/cm MIN,2073.0,10
61700072,25/07/2011,Cond Comp in æs/cm MIN,2140.0,10
61700072,26/07/2011,Cond Comp in æs/cm MIN,2152.0,10
61700072,27/07/2011,Cond Comp in æs/cm MIN,2238.0,10
61700072,28/07/2011,Cond Comp in æs/cm MIN,2616.0,10
61700072,29/07/2011,Cond Comp in æs/cm MIN,2378.0,10
61700072,30/07/2011,Cond Comp in æs/cm MIN,2380.0,10
61700072,31/07/2011,Cond Comp in æs/cm MIN,2442.0,10
61700072,1/09/2011,Cond Comp in æs/cm MIN,2278.0,10
61700072,2/09/2011,Cond Comp in æs/cm MIN,2355.0,10
61700072,3/09/2011,Cond Comp in æs/cm MIN,2177.0,10
61700072,4/09/2011,Cond Comp in æs/cm MIN,2133.0,10
61700072,5/09/2011,Cond Comp in æs/cm MIN,2100.0,10
61700072,6/09/2011,Cond Comp in æs/cm MIN,2013.0,10
61700072,7/09/2011,Cond Comp in æs/cm MIN,1973.0,10
61700072,8/09/2011,Cond Comp in æs/cm MIN,1974.0,10
61700072,9/09/2011,Cond Comp in æs/cm MIN,1993.0,10
61700072,10/09/2011,Cond Comp in æs/cm MIN,2062.0,10
61700072,11/09/2011,Cond Comp in æs/cm MIN,2154.0,10
61700072,12/09/2011,Cond Comp in æs/cm MIN,2287.0,10
61700072,13/09/2011,Cond Comp in æs/cm MIN,2300.0,10
61700072,14/09/2011,Cond Comp in æs/cm MIN,2288.0,10
61700072,15/09/2011,Cond Comp in æs/cm MIN,2389.0,10
61700072,16/09/2011,Cond Comp in æs/cm MIN,2458.0,10
61700072,17/09/2011,Cond Comp in æs/cm MIN,2462.0,10
61700072,18/09/2011,Cond Comp in æs/cm MIN,2584.0,10
61700072,19/09/2011,Cond Comp in æs/cm MIN,2328.0,10
61700072,20/09/2011,Cond Comp in æs/cm MIN,2263.0,10
61700072,21/09/2011,Cond Comp in æs/cm MIN,2284.0,10
61700072,22/09/2011,Cond Comp in æs/cm MIN,2229.0,10
61700072,23/09/2011,Cond Comp in æs/cm MIN,2210.0,10
61700072,24/09/2011,Cond Comp in æs/cm MIN,2220.0,10
61700072,25/09/2011,Cond Comp in æs/cm MIN,2244.0,10
61700072,26/09/2011,Cond Comp in æs/cm MIN,2260.0,10
61700072,27/09/2011,Cond Comp in æs/cm MIN,2314.0,10
61700072,28/09/2011,Cond Comp in æs/cm MIN,2211.0,10
61700072,29/09/2011,Cond Comp in æs/cm MIN,2200.0,10
61700072,30/09/2011,Cond Comp in æs/cm MIN,2221.0,10
61700072,1/10/2011,Cond Comp in æs/cm MIN,2320.0,10
61700072,2/10/2011,Cond Comp in æs/cm MIN,2399.0,10
61700072,3/10/2011,Cond Comp in æs/cm MIN,2287.0,10
61700072,4/10/2011,Cond Comp in æs/cm MIN,2177.0,10
61700072,5/10/2011,Cond Comp in æs/cm MIN,2190.0,10
61700072,6/10/2011,Cond Comp in æs/cm MIN,2226.0,10
61700072,7/10/2011,Cond Comp in æs/cm MIN,2272.0,10
61700072,8/10/2011,Cond Comp in æs/cm MIN,2339.0,10
61700072,9/10/2011,Cond Comp in æs/cm MIN,2349.0,10
61700072,10/10/2011,Cond Comp in æs/cm MIN,2305.0,10
61700072,11/10/2011,Cond Comp in æs/cm MIN,2423.0,10
61700072,12/10/2011,Cond Comp in æs/cm MIN,2183.0,10
61700072,13/10/2011,Cond Comp in æs/cm MIN,2302.0,10
61700072,14/10/2011,Cond Comp in æs/cm MIN,2212.0,10
61700072,15/10/2011,Cond Comp in æs/cm MIN,2137.0,10
61700072,16/10/2011,Cond Comp in æs/cm MIN,2249.0,10
61700072,17/10/2011,Cond Comp in æs/cm MIN,2293.0,10
61700072,18/10/2011,Cond Comp in æs/cm MIN,2355.0,10
61700072,19/10/2011,Cond Comp in æs/cm MIN,2213.0,10
61700072,20/10/2011,Cond Comp in æs/cm MIN,2128.0,10
61700072,21/10/2011,Cond Comp in æs/cm MIN,2252.0,10
61700072,22/10/2011,Cond Comp in æs/cm MIN,2545.0,10
61700072,23/10/2011,Cond Comp in æs/cm MIN,2596.0,10
61700072,24/10/2011,Cond Comp in æs/cm MIN,2608.0,10
61700072,25/10/2011,Cond Comp in æs/cm MIN,2629.0,10
61700072,26/10/2011,Cond Comp in æs/cm MIN,2545.0,10
61700072,27/10/2011,Cond Comp in æs/cm MIN,2554.0,10
61700072,28/10/2011,Cond Comp in æs/cm MIN,2325.0,10
61700072,29/10/2011,Cond Comp in æs/cm MIN,2208.0,10
61700072,30/10/2011,Cond Comp in æs/cm MIN,2140.0,10
61700072,31/10/2011,Cond Comp in æs/cm MIN,2129.0,10
61700072,1/11/2011,Cond Comp in æs/cm MIN,2248.0,10
61700072,2/11/2011,Cond Comp in æs/cm MIN,2341.0,10
61700072,3/11/2011,Cond Comp in æs/cm MIN,2709.0,10
61700072,4/11/2011,Cond Comp in æs/cm MIN,2794.0,10
61700072,5/11/2011,Cond Comp in æs/cm MIN,2882.0,10
61700072,6/11/2011,Cond Comp in æs/cm MIN,2881.0,10
61700072,14/02/2011,Water Temp situ(øC) MAX,20.86,10
61700072,15/02/2011,Water Temp situ(øC) MAX,20.88,10
61700072,16/02/2011,Water Temp situ(øC) MAX,20.89,10
61700072,17/02/2011,Water Temp situ(øC) MAX,20.87,10
61700072,18/02/2011,Water Temp situ(øC) MAX,20.86,10
61700072,19/02/2011,Water Temp situ(øC) MAX,20.84,10
61700072,21/07/2011,Water Temp situ(øC) MAX,21.56,10
61700072,22/07/2011,Water Temp situ(øC) MAX,21.55,10
61700072,23/07/2011,Water Temp situ(øC) MAX,21.53,10
61700072,24/07/2011,Water Temp situ(øC) MAX,21.5,10
61700072,25/07/2011,Water Temp situ(øC) MAX,21.49,10
61700072,26/07/2011,Water Temp situ(øC) MAX,21.49,10
61700072,27/07/2011,Water Temp situ(øC) MAX,21.47,10
61700072,28/07/2011,Water Temp situ(øC) MAX,21.48,10
61700072,29/07/2011,Water Temp situ(øC) MAX,21.46,10
61700072,30/07/2011,Water Temp situ(øC) MAX,21.43,10
61700072,31/07/2011,Water Temp situ(øC) MAX,21.43,10
61700072,1/08/2011,Water Temp situ(øC) MAX,21.41,10
61700072,2/08/2011,Water Temp situ(øC) MAX,21.39,10
61700072,3/08/2011,Water Temp situ(øC) MAX,21.21,10
61700072,4/08/2011,Water Temp situ(øC) MAX,21.11,10
61700072,17/08/2011,Water Temp situ(øC) MAX,20.95,10
61700072,18/08/2011,Water Temp situ(øC) MAX,21.06,10
61700072,19/08/2011,Water Temp situ(øC) MAX,21.07,10
61700072,20/08/2011,Water Temp situ(øC) MAX,21.07,10
61700072,21/08/2011,Water Temp situ(øC) MAX,21.08,10
61700072,22/08/2011,Water Temp situ(øC) MAX,21.09,10
61700072,23/08/2011,Water Temp situ(øC) MAX,21.03,10
61700072,24/08/2011,Water Temp situ(øC) MAX,21.04,10
61700072,25/08/2011,Water Temp situ(øC) MAX,21.01,10
61700072,26/08/2011,Water Temp situ(øC) MAX,21.0,10
61700072,27/08/2011,Water Temp situ(øC) MAX,20.99,10
61700072,28/08/2011,Water Temp situ(øC) MAX,20.99,10
61700072,29/08/2011,Water Temp situ(øC) MAX,20.97,10
61700072,30/08/2011,Water Temp situ(øC) MAX,20.94,10
61700072,31/08/2011,Water Temp situ(øC) MAX,20.91,10
61700072,1/09/2011,Water Temp situ(øC) MAX,20.95,10
61700072,2/09/2011,Water Temp situ(øC) MAX,20.95,10
61700072,3/09/2011,Water Temp situ(øC) MAX,20.89,10
61700072,4/09/2011,Water Temp situ(øC) MAX,20.89,10
61700072,5/09/2011,Water Temp situ(øC) MAX,20.88,10
61700072,6/09/2011,Water Temp situ(øC) MAX,20.83,10
61700072,7/09/2011,Water Temp situ(øC) MAX,20.71,10
61700072,8/09/2011,Water Temp situ(øC) MAX,20.7,10
61700072,18/05/2011,Water Temp situ(øC) MAX,21.99,10
61700072,19/05/2011,Water Temp situ(øC) MAX,21.97,10
61700072,20/05/2011,Water Temp situ(øC) MAX,22.0,10
61700072,21/05/2011,Water Temp situ(øC) MAX,21.99,10
61700072,22/05/2011,Water Temp situ(øC) MAX,21.97,10
61700072,23/05/2011,Water Temp situ(øC) MAX,21.95,10
61700072,24/05/2011,Water Temp situ(øC) MAX,21.92,10
61700072,25/05/2011,Water Temp situ(øC) MAX,21.89,10
61700072,26/05/2011,Water Temp situ(øC) MAX,21.87,10
61700072,27/05/2011,Water Temp situ(øC) MAX,21.89,10
61700072,28/05/2011,Water Temp situ(øC) MAX,21.92,10
61700072,29/05/2011,Water Temp situ(øC) MAX,21.92,10
61700072,12/08/2011,Water Temp situ(øC) MAX,21.21,10
61700072,13/08/2011,Water Temp situ(øC) MAX,21.2,10
61700072,14/08/2011,Water Temp situ(øC) MAX,21.2,10
61700072,20/02/2011,Water Temp situ(øC) MAX,20.83,10
61700072,21/02/2011,Water Temp situ(øC) MAX,20.83,10
61700072,22/02/2011,Water Temp situ(øC) MAX,20.86,10
61700072,23/02/2011,Water Temp situ(øC) MAX,20.9,10
61700072,24/02/2011,Water Temp situ(øC) MAX,20.93,10
61700072,25/02/2011,Water Temp situ(øC) MAX,20.91,10
61700072,26/02/2011,Water Temp situ(øC) MAX,20.99,10
61700072,27/02/2011,Water Temp situ(øC) MAX,21.0,10
61700072,28/02/2011,Water Temp situ(øC) MAX,21.0,10
61700072,1/03/2011,Water Temp situ(øC) MAX,21.01,10
61700072,2/03/2011,Water Temp situ(øC) MAX,21.01,10
61700072,3/03/2011,Water Temp situ(øC) MAX,21.0,10
61700072,4/03/2011,Water Temp situ(øC) MAX,21.02,10
61700072,5/03/2011,Water Temp situ(øC) MAX,21.03,10
61700072,6/03/2011,Water Temp situ(øC) MAX,21.04,10
